"payslipId","employeeNumber","employeeName","position","periodStart",  "periodEnd","totalHours","hourlyRate","grossPay", "riceSubsidy","phoneAllowance","clothingAllowance","sss","philhealth","pagibig","tax","netPay"
"10001-2024-06-C1","10001","Manuel III Garcia","chief executive officer","2024-06-01","2024-06-15","99.11","535.71","53094.22","750.0","1000.0","500.0","0.0","0.0","0.0","0.0","55344.22"
"10001-2024-06-C2","10001","Manuel III Garcia","chief executive officer","2024-06-16","2024-06-30","91.31","535.71","48915.68","750.0","1000.0","500.0","1125.0","900.0","2040.2","20216.31","26884.17"
"10002-2024-06-C1","10002","Antonio Lim","chief operating officer","2024-06-01","2024-06-15","98.38","357.14","35135.43","750.0","1000.0","500.0","0.0","0.0","0.0","0.0","37385.43"
"10002-2024-06-C2","10002","Antonio Lim","chief operating officer","2024-06-16","2024-06-30","92.75","357.14","33124.74","750.0","1000.0","500.0","1125.0","900.0","1365.2","10384.24","21600.3"
"10003-2024-06-C1","10003","Bianca Sofia Aquino","chief finance officer","2024-06-01","2024-06-15","89.17","357.14","31846.17","750.0","1000.0","500.0","0.0","0.0","0.0","0.0","34096.17"
"10003-2024-06-C2","10003","Bianca Sofia Aquino","chief finance officer","2024-06-16","2024-06-30","86.62","357.14","30935.47","750.0","1000.0","500.0","1125.0","900.0","1255.63","9042.0","20862.84"
"10004-2024-06-C1","10004","Isabella Reyes","chief marketing officer","2024-06-01","2024-06-15","86.74","357.14","30978.32","750.0","1000.0","500.0","0.0","0.0","0.0","0.0","33228.32"
"10004-2024-06-C2","10004","Isabella Reyes","chief marketing officer","2024-06-16","2024-06-30","87.55","357.14","31267.61","750.0","1000.0","500.0","1125.0","900.0","1244.92","8910.75","21336.940000000002"
"10005-2024-06-C1","10005","Eduard Hernandez","it operations and systems","2024-06-01","2024-06-15","84.76","313.51","26573.11","750.0","500.0","500.0","0.0","0.0","0.0","0.0","28323.11"
"10005-2024-06-C2","10005","Eduard Hernandez","it operations and systems","2024-06-16","2024-06-30","88.27","313.51","27673.53","750.0","500.0","500.0","1125.0","813.7","1084.93","6972.5","19427.399999999998"
"10006-2024-06-C1","10006","Andrea Mae Villanueva","hr manager","2024-06-01","2024-06-15","89.54","313.51","28071.69","750.0","500.0","500.0","0.0","0.0","0.0","0.0","29821.69"
"10006-2024-06-C2","10006","Andrea Mae Villanueva","hr manager","2024-06-16","2024-06-30","92.63","313.51","29040.43","750.0","500.0","500.0","1125.0","856.68","1142.24","7663.8","20002.71"
"10007-2024-06-C1","10007","Brad  San Jose","hr team leader","2024-06-01","2024-06-15","80.2","255.8","20515.16","750.0","400.0","400.0","0.0","0.0","0.0","0.0","22065.16"
"10007-2024-06-C2","10007","Brad  San Jose","hr team leader","2024-06-16","2024-06-30","89.92","255.8","23001.54","750.0","400.0","400.0","1125.0","652.75","870.33","4383.9","17519.56"
"10008-2024-06-C1","10008","Alice Romualdez","hr rank and file","2024-06-01","2024-06-15","89.22","133.93","11949.23","750.0","250.0","250.0","0.0","0.0","0.0","0.0","13199.23"
"10008-2024-06-C2","10008","Alice Romualdez","hr rank and file","2024-06-16","2024-06-30","85.62","133.93","11467.09","750.0","250.0","250.0","1057.5","351.24","468.33","141.25","10698.77"
"10009-2024-06-C1","10009","Rosie  Atienza","hr rank and file","2024-06-01","2024-06-15","90.71","133.93","12148.79","750.0","250.0","250.0","0.0","0.0","0.0","0.0","13398.79"
"10009-2024-06-C2","10009","Rosie  Atienza","hr rank and file","2024-06-16","2024-06-30","90.81","133.93","12162.18","750.0","250.0","250.0","1102.5","364.66","486.22","304.92","11153.880000000001"
"10010-2024-06-C1","10010","Roderick Alvaro","accounting head","2024-06-01","2024-06-15","90.25","313.51","28294.28","750.0","500.0","500.0","0.0","0.0","0.0","0.0","30044.28"
"10010-2024-06-C2","10010","Roderick Alvaro","accounting head","2024-06-16","2024-06-30","80.02","313.51","25087.07","750.0","500.0","500.0","1125.0","800.72","1067.63","6763.75","17079.97"
"10011-2024-06-C1","10011","Anthony Salcedo","payroll manager","2024-06-01","2024-06-15","91.83","302.53","27781.33","750.0","500.0","500.0","0.0","0.0","0.0","0.0","29531.33"
"10011-2024-06-C2","10011","Anthony Salcedo","payroll manager","2024-06-16","2024-06-30","89.64","302.53","27118.79","750.0","500.0","500.0","1125.0","823.5","1098.0","7130.15","18692.14"
"10012-2024-06-C1","10012","Josie  Lopez","payroll team leader","2024-06-01","2024-06-15","84.66","229.02","19388.83","750.0","400.0","400.0","0.0","0.0","0.0","0.0","20938.83"
"10012-2024-06-C2","10012","Josie  Lopez","payroll team leader","2024-06-16","2024-06-30","90.02","229.02","20616.38","750.0","400.0","400.0","1125.0","600.08","800.1","3536.76","16104.44"
"10013-2024-06-C1","10013","Martha Farala","payroll rank and file","2024-06-01","2024-06-15","89.87","142.86","12838.83","750.0","250.0","250.0","0.0","0.0","0.0","0.0","14088.83"
"10013-2024-06-C2","10013","Martha Farala","payroll rank and file","2024-06-16","2024-06-30","96.32","142.86","13760.28","750.0","250.0","250.0","1125.0","398.99","531.98","742.03","12212.28"
"10014-2024-06-C1","10014","Leila Martinez","payroll rank and file","2024-06-01","2024-06-15","95.21","142.86","13601.7","750.0","250.0","250.0","0.0","0.0","0.0","0.0","14851.7"
"10014-2024-06-C2","10014","Leila Martinez","payroll rank and file","2024-06-16","2024-06-30","89.09","142.86","12727.4","750.0","250.0","250.0","1125.0","394.94","526.58","689.92","11240.96"
"10015-2024-06-C1","10015","Fredrick  Romualdez","account manager","2024-06-01","2024-06-15","93.58","318.45","29800.55","750.0","500.0","500.0","0.0","0.0","0.0","0.0","31550.55"
"10015-2024-06-C2","10015","Fredrick  Romualdez","account manager","2024-06-16","2024-06-30","94.69","318.45","30154.03","750.0","500.0","500.0","1125.0","899.32","1199.09","8349.54","20331.079999999998"
"10016-2024-06-C1","10016","Christian Mata","account team leader","2024-06-01","2024-06-15","87.13","255.8","22287.85","750.0","400.0","400.0","0.0","0.0","0.0","0.0","23837.85"
"10016-2024-06-C2","10016","Christian Mata","account team leader","2024-06-16","2024-06-30","95.24","255.8","24362.39","750.0","400.0","400.0","1125.0","699.75","933.01","5139.87","18014.76"
"10017-2024-06-C1","10017","Selena  De Leon","account team leader","2024-06-01","2024-06-15","86.67","249.11","21590.36","750.0","400.0","400.0","0.0","0.0","0.0","0.0","23140.36"
"10017-2024-06-C2","10017","Selena  De Leon","account team leader","2024-06-16","2024-06-30","89.73","249.11","22352.64","750.0","400.0","400.0","1125.0","659.15","878.86","4486.75","16752.879999999997"
"10018-2024-06-C1","10018","Allison  San Jose","account rank and file","2024-06-01","2024-06-15","87.92","133.93","11775.13","750.0","250.0","250.0","0.0","0.0","0.0","0.0","13025.13"
"10018-2024-06-C2","10018","Allison  San Jose","account rank and file","2024-06-16","2024-06-30","96.03","133.93","12861.3","750.0","250.0","250.0","1102.5","369.55","492.73","367.73","11778.789999999999"
"10019-2024-06-C1","10019","Cydney  Rosario","account rank and file","2024-06-01","2024-06-15","91.66","133.93","12276.02","750.0","250.0","250.0","0.0","0.0","0.0","0.0","13526.02"
"10019-2024-06-C2","10019","Cydney  Rosario","account rank and file","2024-06-16","2024-06-30","83.94","133.93","11242.08","750.0","250.0","250.0","1057.5","352.77","470.36","160.9","10450.55"
"10020-2024-06-C1","10020","Mark  Bautista","account rank and file","2024-06-01","2024-06-15","86.41","138.39","11958.28","750.0","250.0","250.0","0.0","0.0","0.0","0.0","13208.28"
"10020-2024-06-C2","10020","Mark  Bautista","account rank and file","2024-06-16","2024-06-30","91.22","138.39","12623.94","750.0","250.0","250.0","1102.5","368.73","491.64","357.27","11553.800000000001"
"10021-2024-06-C1","10021","Darlene  Lazaro","account rank and file","2024-06-01","2024-06-15","89.54","138.39","12391.44","750.0","250.0","250.0","0.0","0.0","0.0","0.0","13641.44"
"10021-2024-06-C2","10021","Darlene  Lazaro","account rank and file","2024-06-16","2024-06-30","92.33","138.39","12777.55","750.0","250.0","250.0","1125.0","377.53","503.38","466.02","11555.619999999999"
"10022-2024-06-C1","10022","Kolby  Delos Santos","account rank and file","2024-06-01","2024-06-15","88.04","142.86","12577.39","750.0","250.0","250.0","0.0","0.0","0.0","0.0","13827.39"
"10022-2024-06-C2","10022","Kolby  Delos Santos","account rank and file","2024-06-16","2024-06-30","90.23","142.86","12890.26","750.0","250.0","250.0","1125.0","382.01","509.35","523.66","11600.24"
"10023-2024-06-C1","10023","Vella  Santos","account rank and file","2024-06-01","2024-06-15","92.71","133.93","12416.65","750.0","250.0","250.0","0.0","0.0","0.0","0.0","13666.65"
"10023-2024-06-C2","10023","Vella  Santos","account rank and file","2024-06-16","2024-06-30","84.91","133.93","11372.0","750.0","250.0","250.0","1080.0","356.83","475.77","208.61","10500.79"
"10024-2024-06-C1","10024","Tomas Del Rosario","account rank and file","2024-06-01","2024-06-15","87.44","133.93","11710.84","750.0","250.0","250.0","0.0","0.0","0.0","0.0","12960.84"
"10024-2024-06-C2","10024","Tomas Del Rosario","account rank and file","2024-06-16","2024-06-30","93.07","133.93","12464.87","750.0","250.0","250.0","1080.0","362.64","483.51","283.31","11505.41"
"10025-2024-06-C1","10025","Jacklyn  Tolentino","account rank and file","2024-06-01","2024-06-15","87.38","142.86","12483.11","750.0","250.0","250.0","0.0","0.0","0.0","0.0","13733.11"
"10025-2024-06-C2","10025","Jacklyn  Tolentino","account rank and file","2024-06-16","2024-06-30","81.04","142.86","11577.37","750.0","250.0","250.0","1080.0","360.91","481.21","261.07","10644.18"
"10026-2024-06-C1","10026","Percival  Gutierrez","account rank and file","2024-06-01","2024-06-15","89.19","147.32","13139.47","750.0","250.0","250.0","0.0","0.0","0.0","0.0","14389.47"
"10026-2024-06-C2","10026","Percival  Gutierrez","account rank and file","2024-06-16","2024-06-30","90.88","147.32","13388.44","750.0","250.0","250.0","1125.0","397.92","530.56","728.29","11856.67"
"10027-2024-06-C1","10027","Garfield  Manalaysay","account rank and file","2024-06-01","2024-06-15","89.74","147.32","13220.5","750.0","250.0","250.0","0.0","0.0","0.0","0.0","14470.5"
"10027-2024-06-C2","10027","Garfield  Manalaysay","account rank and file","2024-06-16","2024-06-30","93.57","147.32","13784.73","750.0","250.0","250.0","1125.0","405.08","540.1","820.41","12144.14"
"10028-2024-06-C1","10028","Lizeth  Villegas","account rank and file","2024-06-01","2024-06-15","91.96","142.86","13137.41","750.0","250.0","250.0","0.0","0.0","0.0","0.0","14387.41"
"10028-2024-06-C2","10028","Lizeth  Villegas","account rank and file","2024-06-16","2024-06-30","86.34","142.86","12334.53","750.0","250.0","250.0","1125.0","382.08","509.44","524.48","11043.53"
"10029-2024-06-C1","10029","Carol  Ramos","account rank and file","2024-06-01","2024-06-15","92.02","133.93","12324.24","750.0","250.0","250.0","0.0","0.0","0.0","0.0","13574.24"
"10029-2024-06-C2","10029","Carol  Ramos","account rank and file","2024-06-16","2024-06-30","90.54","133.93","12126.02","750.0","250.0","250.0","1102.5","366.75","489.01","331.8","11085.960000000001"
"10030-2024-06-C1","10030","Emelia  Maceda","account rank and file","2024-06-01","2024-06-15","89.13","133.93","11937.18","750.0","250.0","250.0","0.0","0.0","0.0","0.0","13187.18"
"10030-2024-06-C2","10030","Emelia  Maceda","account rank and file","2024-06-16","2024-06-30","89.73","133.93","12017.54","750.0","250.0","250.0","1080.0","359.32","479.09","240.66","11108.470000000001"
"10031-2024-06-C1","10031","Delia  Aguilar","account rank and file","2024-06-01","2024-06-15","92.22","133.93","12351.02","750.0","250.0","250.0","0.0","0.0","0.0","0.0","13601.02"
"10031-2024-06-C2","10031","Delia  Aguilar","account rank and file","2024-06-16","2024-06-30","91.94","133.93","12313.52","750.0","250.0","250.0","1102.5","369.97","493.29","373.16","11224.6"
"10032-2024-06-C1","10032","John Rafael Castro","sales & marketing","2024-06-01","2024-06-15","93.73","313.51","29385.29","750.0","500.0","500.0","0.0","0.0","0.0","0.0","31135.29"
"10032-2024-06-C2","10032","John Rafael Castro","sales & marketing","2024-06-16","2024-06-30","86.79","313.51","27209.53","750.0","500.0","500.0","1125.0","848.92","1131.9","7539.0","18314.71"
"10033-2024-06-C1","10033","Carlos Ian Martinez","supply chain and logistics","2024-06-01","2024-06-15","91.93","313.51","28820.97","750.0","500.0","500.0","0.0","0.0","0.0","0.0","30570.97"
"10033-2024-06-C2","10033","Carlos Ian Martinez","supply chain and logistics","2024-06-16","2024-06-30","84.6","313.51","26522.95","750.0","500.0","500.0","1125.0","830.16","1106.88","7237.22","17973.690000000002"
"10034-2024-06-C1","10034","Beatriz Santos","customer service and relations","2024-06-01","2024-06-15","88.66","313.51","27795.8","750.0","500.0","500.0","0.0","0.0","0.0","0.0","29545.8"
"10034-2024-06-C2","10034","Beatriz Santos","customer service and relations","2024-06-16","2024-06-30","91.85","313.51","28795.89","750.0","500.0","500.0","1125.0","848.88","1131.83","7538.25","19901.93"
"10001-2024-07-C1","10001","Manuel III Garcia","chief executive officer","2024-07-01","2024-07-15","102.92","535.71","55135.27","750.0","1000.0","500.0","0.0","0.0","0.0","0.0","57385.27"
"10001-2024-07-C2","10001","Manuel III Garcia","chief executive officer","2024-07-16","2024-07-31","108.61","535.71","58183.46","750.0","1000.0","500.0","1125.0","900.0","2266.37","23541.11","32600.98"
"10002-2024-07-C1","10002","Antonio Lim","chief operating officer","2024-07-01","2024-07-15","94.86","357.14","33878.3","750.0","1000.0","500.0","0.0","0.0","0.0","0.0","36128.3"
"10002-2024-07-C2","10002","Antonio Lim","chief operating officer","2024-07-16","2024-07-31","101.28","357.14","36171.14","750.0","1000.0","500.0","1125.0","900.0","1400.99","10822.61","24172.54"
"10003-2024-07-C1","10003","Bianca Sofia Aquino","chief finance officer","2024-07-01","2024-07-15","104.16","357.14","37199.7","750.0","1000.0","500.0","0.0","0.0","0.0","0.0","39449.7"
"10003-2024-07-C2","10003","Bianca Sofia Aquino","chief finance officer","2024-07-16","2024-07-31","107.02","357.14","38221.12","750.0","1000.0","500.0","1125.0","900.0","1508.42","12399.12","24538.58"
"10004-2024-07-C1","10004","Isabella Reyes","chief marketing officer","2024-07-01","2024-07-15","101.68","357.14","36314.0","750.0","1000.0","500.0","0.0","0.0","0.0","0.0","38564.0"
"10004-2024-07-C2","10004","Isabella Reyes","chief marketing officer","2024-07-16","2024-07-31","107.53","357.14","38403.26","750.0","1000.0","500.0","1125.0","900.0","1494.35","12192.27","24941.64"
"10005-2024-07-C1","10005","Eduard Hernandez","it operations and systems","2024-07-01","2024-07-15","94.47","313.51","29617.29","750.0","500.0","500.0","0.0","0.0","0.0","0.0","31367.29"
"10005-2024-07-C2","10005","Eduard Hernandez","it operations and systems","2024-07-16","2024-07-31","102.86","313.51","32247.64","750.0","500.0","500.0","1125.0","900.0","1237.3","8817.41","21917.93"
"10006-2024-07-C1","10006","Andrea Mae Villanueva","hr manager","2024-07-01","2024-07-15","93.65","313.51","29360.21","750.0","500.0","500.0","0.0","0.0","0.0","0.0","31110.21"
"10006-2024-07-C2","10006","Andrea Mae Villanueva","hr manager","2024-07-16","2024-07-31","107.98","313.51","33852.81","750.0","500.0","500.0","1125.0","900.0","1264.26","9147.69","23165.859999999997"
"10007-2024-07-C1","10007","Brad  San Jose","hr team leader","2024-07-01","2024-07-15","104.63","255.8","26764.35","750.0","400.0","400.0","0.0","0.0","0.0","0.0","28314.35"
"10007-2024-07-C2","10007","Brad  San Jose","hr team leader","2024-07-16","2024-07-31","108.16","255.8","27667.33","750.0","400.0","400.0","1125.0","816.48","1088.63","7017.14","19170.08"
"10008-2024-07-C1","10008","Alice Romualdez","hr rank and file","2024-07-01","2024-07-15","97.07","133.93","13000.59","750.0","250.0","250.0","0.0","0.0","0.0","0.0","14250.59"
"10008-2024-07-C2","10008","Alice Romualdez","hr rank and file","2024-07-16","2024-07-31","114.53","133.93","15339.0","750.0","250.0","250.0","1125.0","425.09","566.79","1077.94","13394.18"
"10009-2024-07-C1","10009","Rosie  Atienza","hr rank and file","2024-07-01","2024-07-15","92.34","133.93","12367.1","750.0","250.0","250.0","0.0","0.0","0.0","0.0","13617.1"
"10009-2024-07-C2","10009","Rosie  Atienza","hr rank and file","2024-07-16","2024-07-31","109.46","133.93","14659.98","750.0","250.0","250.0","1125.0","405.41","540.54","824.62","13014.41"
"10010-2024-07-C1","10010","Roderick Alvaro","accounting head","2024-07-01","2024-07-15","102.32","313.51","32078.34","750.0","500.0","500.0","0.0","0.0","0.0","0.0","33828.34"
"10010-2024-07-C2","10010","Roderick Alvaro","accounting head","2024-07-16","2024-07-31","107.39","313.51","33667.84","750.0","500.0","500.0","1125.0","900.0","1314.92","9768.31","22309.609999999997"
"10011-2024-07-C1","10011","Anthony Salcedo","payroll manager","2024-07-01","2024-07-15","100.44","302.53","30386.11","750.0","500.0","500.0","0.0","0.0","0.0","0.0","32136.11"
"10011-2024-07-C2","10011","Anthony Salcedo","payroll manager","2024-07-16","2024-07-31","104.74","302.53","31686.99","750.0","500.0","500.0","1125.0","900.0","1241.46","8868.41","21302.120000000006"
"10012-2024-07-C1","10012","Josie  Lopez","payroll team leader","2024-07-01","2024-07-15","99.46","229.02","22778.33","750.0","400.0","400.0","0.0","0.0","0.0","0.0","24328.33"
"10012-2024-07-C2","10012","Josie  Lopez","payroll team leader","2024-07-16","2024-07-31","103.55","229.02","23715.02","750.0","400.0","400.0","1125.0","697.4","929.87","5102.02","17410.73"
"10013-2024-07-C1","10013","Martha Farala","payroll rank and file","2024-07-01","2024-07-15","96.89","142.86","13841.71","750.0","250.0","250.0","0.0","0.0","0.0","0.0","15091.71"
"10013-2024-07-C2","10013","Martha Farala","payroll rank and file","2024-07-16","2024-07-31","102.99","142.86","14713.15","750.0","250.0","250.0","1125.0","428.32","571.1","1119.49","12719.24"
"10014-2024-07-C1","10014","Leila Martinez","payroll rank and file","2024-07-01","2024-07-15","99.12","142.86","14160.28","750.0","250.0","250.0","0.0","0.0","0.0","0.0","15410.28"
"10014-2024-07-C2","10014","Leila Martinez","payroll rank and file","2024-07-16","2024-07-31","109.97","142.86","15710.31","750.0","250.0","250.0","1125.0","448.06","597.41","1373.43","13416.409999999998"
"10015-2024-07-C1","10015","Fredrick  Romualdez","account manager","2024-07-01","2024-07-15","96.27","318.45","30657.18","750.0","500.0","500.0","0.0","0.0","0.0","0.0","32407.18"
"10015-2024-07-C2","10015","Fredrick  Romualdez","account manager","2024-07-16","2024-07-31","112.11","318.45","35701.43","750.0","500.0","500.0","1125.0","900.0","1327.17","9918.36","24180.9"
"10016-2024-07-C1","10016","Christian Mata","account team leader","2024-07-01","2024-07-15","98.76","255.8","25262.81","750.0","400.0","400.0","0.0","0.0","0.0","0.0","26812.81"
"10016-2024-07-C2","10016","Christian Mata","account team leader","2024-07-16","2024-07-31","113.1","255.8","28930.98","750.0","400.0","400.0","1125.0","812.91","1083.88","6959.75","20499.44"
"10017-2024-07-C1","10017","Selena  De Leon","account team leader","2024-07-01","2024-07-15","102.9","249.11","25633.42","750.0","400.0","400.0","0.0","0.0","0.0","0.0","27183.42"
"10017-2024-07-C2","10017","Selena  De Leon","account team leader","2024-07-16","2024-07-31","115.36","249.11","28737.33","750.0","400.0","400.0","1125.0","815.56","1087.42","7002.44","20256.910000000003"
"10018-2024-07-C1","10018","Allison  San Jose","account rank and file","2024-07-01","2024-07-15","102.22","133.93","13690.32","750.0","250.0","250.0","0.0","0.0","0.0","0.0","14940.32"
"10018-2024-07-C2","10018","Allison  San Jose","account rank and file","2024-07-16","2024-07-31","114.79","133.93","15373.82","750.0","250.0","250.0","1125.0","435.96","581.28","1217.78","13263.8"
"10019-2024-07-C1","10019","Cydney  Rosario","account rank and file","2024-07-01","2024-07-15","100.88","133.93","13510.86","750.0","250.0","250.0","0.0","0.0","0.0","0.0","14760.86"
"10019-2024-07-C2","10019","Cydney  Rosario","account rank and file","2024-07-16","2024-07-31","108.47","133.93","14527.39","750.0","250.0","250.0","1125.0","420.57","560.77","1019.78","12651.27"
"10020-2024-07-C1","10020","Mark  Bautista","account rank and file","2024-07-01","2024-07-15","96.77","138.39","13392.0","750.0","250.0","250.0","0.0","0.0","0.0","0.0","14642.0"
"10020-2024-07-C2","10020","Mark  Bautista","account rank and file","2024-07-16","2024-07-31","111.2","138.39","15388.97","750.0","250.0","250.0","1125.0","431.71","575.62","1163.13","13343.510000000002"
"10021-2024-07-C1","10021","Darlene  Lazaro","account rank and file","2024-07-01","2024-07-15","95.55","138.39","13223.16","750.0","250.0","250.0","0.0","0.0","0.0","0.0","14473.16"
"10021-2024-07-C2","10021","Darlene  Lazaro","account rank and file","2024-07-16","2024-07-31","110.76","138.39","15328.08","750.0","250.0","250.0","1125.0","428.27","571.02","1118.79","13335.000000000002"
"10022-2024-07-C1","10022","Kolby  Delos Santos","account rank and file","2024-07-01","2024-07-15","98.9","142.86","14128.85","750.0","250.0","250.0","0.0","0.0","0.0","0.0","15378.85"
"10022-2024-07-C2","10022","Kolby  Delos Santos","account rank and file","2024-07-16","2024-07-31","105.49","142.86","15070.3","750.0","250.0","250.0","1125.0","437.99","583.98","1243.84","12929.489999999998"
"10023-2024-07-C1","10023","Vella  Santos","account rank and file","2024-07-01","2024-07-15","92.97","133.93","12451.47","750.0","250.0","250.0","0.0","0.0","0.0","0.0","13701.47"
"10023-2024-07-C2","10023","Vella  Santos","account rank and file","2024-07-16","2024-07-31","109.19","133.93","14623.82","750.0","250.0","250.0","1125.0","406.13","541.51","833.93","12967.25"
"10024-2024-07-C1","10024","Tomas Del Rosario","account rank and file","2024-07-01","2024-07-15","98.2","133.93","13151.93","750.0","250.0","250.0","0.0","0.0","0.0","0.0","14401.93"
"10024-2024-07-C2","10024","Tomas Del Rosario","account rank and file","2024-07-16","2024-07-31","113.25","133.93","15167.57","750.0","250.0","250.0","1125.0","424.79","566.39","1074.06","13227.33"
"10025-2024-07-C1","10025","Jacklyn  Tolentino","account rank and file","2024-07-01","2024-07-15","97.92","142.86","13988.85","750.0","250.0","250.0","0.0","0.0","0.0","0.0","15238.85"
"10025-2024-07-C2","10025","Jacklyn  Tolentino","account rank and file","2024-07-16","2024-07-31","105.25","142.86","15036.02","750.0","250.0","250.0","1125.0","435.37","580.5","1210.2","12934.95"
"10026-2024-07-C1","10026","Percival  Gutierrez","account rank and file","2024-07-01","2024-07-15","102.42","147.32","15088.51","750.0","250.0","250.0","0.0","0.0","0.0","0.0","16338.51"
"10026-2024-07-C2","10026","Percival  Gutierrez","account rank and file","2024-07-16","2024-07-31","107.03","147.32","15767.66","750.0","250.0","250.0","1125.0","462.84","617.12","1563.64","13249.06"
"10027-2024-07-C1","10027","Garfield  Manalaysay","account rank and file","2024-07-01","2024-07-15","103.57","147.32","15257.93","750.0","250.0","250.0","0.0","0.0","0.0","0.0","16507.93"
"10027-2024-07-C2","10027","Garfield  Manalaysay","account rank and file","2024-07-16","2024-07-31","102.13","147.32","15045.79","750.0","250.0","250.0","1125.0","454.56","606.07","1457.02","12653.140000000001"
"10028-2024-07-C1","10028","Lizeth  Villegas","account rank and file","2024-07-01","2024-07-15","97.54","142.86","13934.56","750.0","250.0","250.0","0.0","0.0","0.0","0.0","15184.56"
"10028-2024-07-C2","10028","Lizeth  Villegas","account rank and file","2024-07-16","2024-07-31","111.24","142.86","15891.75","750.0","250.0","250.0","1125.0","447.39","596.53","1364.88","13607.95"
"10029-2024-07-C1","10029","Carol  Ramos","account rank and file","2024-07-01","2024-07-15","107.15","133.93","14350.6","750.0","250.0","250.0","0.0","0.0","0.0","0.0","15600.6"
"10029-2024-07-C2","10029","Carol  Ramos","account rank and file","2024-07-16","2024-07-31","111.93","133.93","14990.78","750.0","250.0","250.0","1125.0","440.12","586.83","1271.29","12817.54"
"10030-2024-07-C1","10030","Emelia  Maceda","account rank and file","2024-07-01","2024-07-15","92.91","133.93","12443.44","750.0","250.0","250.0","0.0","0.0","0.0","0.0","13693.44"
"10030-2024-07-C2","10030","Emelia  Maceda","account rank and file","2024-07-16","2024-07-31","108.68","133.93","14555.51","750.0","250.0","250.0","1125.0","404.98","539.98","819.2","12916.35"
"10031-2024-07-C1","10031","Delia  Aguilar","account rank and file","2024-07-01","2024-07-15","96.58","133.93","12934.96","750.0","250.0","250.0","0.0","0.0","0.0","0.0","14184.96"
"10031-2024-07-C2","10031","Delia  Aguilar","account rank and file","2024-07-16","2024-07-31","102.47","133.93","13723.81","750.0","250.0","250.0","1125.0","399.88","533.18","753.54","12162.21"
"10032-2024-07-C1","10032","John Rafael Castro","sales & marketing","2024-07-01","2024-07-15","95.54","313.51","29952.75","750.0","500.0","500.0","0.0","0.0","0.0","0.0","31702.75"
"10032-2024-07-C2","10032","John Rafael Castro","sales & marketing","2024-07-16","2024-07-31","110.58","313.51","34667.94","750.0","500.0","500.0","1125.0","900.0","1292.41","9492.57","23607.960000000003"
"10033-2024-07-C1","10033","Carlos Ian Martinez","supply chain and logistics","2024-07-01","2024-07-15","95.84","313.51","30046.8","750.0","500.0","500.0","0.0","0.0","0.0","0.0","31796.8"
"10033-2024-07-C2","10033","Carlos Ian Martinez","supply chain and logistics","2024-07-16","2024-07-31","109.98","313.51","34479.83","750.0","500.0","500.0","1125.0","900.0","1290.53","9469.52","23444.780000000002"
"10034-2024-07-C1","10034","Beatriz Santos","customer service and relations","2024-07-01","2024-07-15","95.07","313.51","29805.4","750.0","500.0","500.0","0.0","0.0","0.0","0.0","31555.4"
"10034-2024-07-C2","10034","Beatriz Santos","customer service and relations","2024-07-16","2024-07-31","109.58","313.51","34354.43","750.0","500.0","500.0","1125.0","900.0","1283.2","9379.66","23416.57"
"10001-2024-08-C1","10001","Manuel III Garcia","chief executive officer","2024-08-01","2024-08-15","95.8","535.71","51321.02","750.0","1000.0","500.0","0.0","0.0","0.0","0.0","53571.02"
"10001-2024-08-C2","10001","Manuel III Garcia","chief executive officer","2024-08-16","2024-08-31","99.68","535.71","53399.57","750.0","1000.0","500.0","1125.0","900.0","2094.41","21013.25","30516.91"
"10002-2024-08-C1","10002","Antonio Lim","chief operating officer","2024-08-01","2024-08-15","100.94","357.14","36049.71","750.0","1000.0","500.0","0.0","0.0","0.0","0.0","38299.71"
"10002-2024-08-C2","10002","Antonio Lim","chief operating officer","2024-08-16","2024-08-31","99.89","357.14","35674.71","750.0","1000.0","500.0","1125.0","900.0","1434.49","11312.38","23152.84"
"10003-2024-08-C1","10003","Bianca Sofia Aquino","chief finance officer","2024-08-01","2024-08-15","98.45","357.14","35160.43","750.0","1000.0","500.0","0.0","0.0","0.0","0.0","37410.43"
"10003-2024-08-C2","10003","Bianca Sofia Aquino","chief finance officer","2024-08-16","2024-08-31","101.21","357.14","36146.14","750.0","1000.0","500.0","1125.0","900.0","1426.13","11189.53","23755.48"
"10004-2024-08-C1","10004","Isabella Reyes","chief marketing officer","2024-08-01","2024-08-15","100.75","357.14","35981.85","750.0","1000.0","500.0","0.0","0.0","0.0","0.0","38231.85"
"10004-2024-08-C2","10004","Isabella Reyes","chief marketing officer","2024-08-16","2024-08-31","93.2","357.14","33285.45","750.0","1000.0","500.0","1125.0","900.0","1385.35","10630.99","21494.109999999997"
"10005-2024-08-C1","10005","Eduard Hernandez","it operations and systems","2024-08-01","2024-08-15","95.79","313.51","30031.12","750.0","500.0","500.0","0.0","0.0","0.0","0.0","31781.12"
"10005-2024-08-C2","10005","Eduard Hernandez","it operations and systems","2024-08-16","2024-08-31","97.15","313.51","30457.5","750.0","500.0","500.0","1125.0","900.0","1209.77","8480.21","20492.52"
"10006-2024-08-C1","10006","Andrea Mae Villanueva","hr manager","2024-08-01","2024-08-15","96.48","313.51","30247.44","750.0","500.0","500.0","0.0","0.0","0.0","0.0","31997.44"
"10006-2024-08-C2","10006","Andrea Mae Villanueva","hr manager","2024-08-16","2024-08-31","101.71","313.51","31887.1","750.0","500.0","500.0","1125.0","900.0","1242.69","8883.46","21485.949999999997"
"10007-2024-08-C1","10007","Brad  San Jose","hr team leader","2024-08-01","2024-08-15","99.39","255.8","25423.96","750.0","400.0","400.0","0.0","0.0","0.0","0.0","26973.96"
"10007-2024-08-C2","10007","Brad  San Jose","hr team leader","2024-08-16","2024-08-31","105.27","255.8","26928.07","750.0","400.0","400.0","1125.0","785.28","1047.04","6515.43","19005.32"
"10008-2024-08-C1","10008","Alice Romualdez","hr rank and file","2024-08-01","2024-08-15","98.49","133.93","13190.77","750.0","250.0","250.0","0.0","0.0","0.0","0.0","14440.77"
"10008-2024-08-C2","10008","Alice Romualdez","hr rank and file","2024-08-16","2024-08-31","106.28","133.93","14234.08","750.0","250.0","250.0","1125.0","411.37","548.5","901.4","12497.81"
"10009-2024-08-C1","10009","Rosie  Atienza","hr rank and file","2024-08-01","2024-08-15","98.48","133.93","13189.43","750.0","250.0","250.0","0.0","0.0","0.0","0.0","14439.43"
"10009-2024-08-C2","10009","Rosie  Atienza","hr rank and file","2024-08-16","2024-08-31","97.84","133.93","13103.71","750.0","250.0","250.0","1125.0","394.4","525.86","682.98","11625.47"
"10010-2024-08-C1","10010","Roderick Alvaro","accounting head","2024-08-01","2024-08-15","98.35","313.51","30833.71","750.0","500.0","500.0","0.0","0.0","0.0","0.0","32583.71"
"10010-2024-08-C2","10010","Roderick Alvaro","accounting head","2024-08-16","2024-08-31","98.93","313.51","31015.54","750.0","500.0","500.0","1125.0","900.0","1236.99","8813.57","20689.980000000003"
"10011-2024-08-C1","10011","Anthony Salcedo","payroll manager","2024-08-01","2024-08-15","97.19","302.53","29402.89","750.0","500.0","500.0","0.0","0.0","0.0","0.0","31152.89"
"10011-2024-08-C2","10011","Anthony Salcedo","payroll manager","2024-08-16","2024-08-31","92.77","302.53","28065.71","750.0","500.0","500.0","1125.0","862.03","1149.37","7749.8","18929.51"
"10012-2024-08-C1","10012","Josie  Lopez","payroll team leader","2024-08-01","2024-08-15","100.42","229.02","22998.19","750.0","400.0","400.0","0.0","0.0","0.0","0.0","24548.19"
"10012-2024-08-C2","10012","Josie  Lopez","payroll team leader","2024-08-16","2024-08-31","98.35","229.02","22524.12","750.0","400.0","400.0","1125.0","682.83","910.45","4867.76","16488.079999999998"
"10013-2024-08-C1","10013","Martha Farala","payroll rank and file","2024-08-01","2024-08-15","101.5","142.86","14500.29","750.0","250.0","250.0","0.0","0.0","0.0","0.0","15750.29"
"10013-2024-08-C2","10013","Martha Farala","payroll rank and file","2024-08-16","2024-08-31","92.19","142.86","13170.26","750.0","250.0","250.0","1125.0","415.06","553.41","948.82","11377.970000000001"
"10014-2024-08-C1","10014","Leila Martinez","payroll rank and file","2024-08-01","2024-08-15","92.98","142.86","13283.12","750.0","250.0","250.0","0.0","0.0","0.0","0.0","14533.12"
"10014-2024-08-C2","10014","Leila Martinez","payroll rank and file","2024-08-16","2024-08-31","94.27","142.86","13467.41","750.0","250.0","250.0","1125.0","401.26","535.01","771.25","11884.89"
"10015-2024-08-C1","10015","Fredrick  Romualdez","account manager","2024-08-01","2024-08-15","102.58","318.45","32666.6","750.0","500.0","500.0","0.0","0.0","0.0","0.0","34416.6"
"10015-2024-08-C2","10015","Fredrick  Romualdez","account manager","2024-08-16","2024-08-31","93.52","318.45","29781.44","750.0","500.0","500.0","1125.0","900.0","1248.96","8960.27","19297.21"
"10016-2024-08-C1","10016","Christian Mata","account team leader","2024-08-01","2024-08-15","99.53","255.8","25459.77","750.0","400.0","400.0","0.0","0.0","0.0","0.0","27009.77"
"10016-2024-08-C2","10016","Christian Mata","account team leader","2024-08-16","2024-08-31","102.37","255.8","26186.25","750.0","400.0","400.0","1125.0","774.69","1032.92","6345.1","18458.54"
"10017-2024-08-C1","10017","Selena  De Leon","account team leader","2024-08-01","2024-08-15","100.14","249.11","24945.88","750.0","400.0","400.0","0.0","0.0","0.0","0.0","26495.88"
"10017-2024-08-C2","10017","Selena  De Leon","account team leader","2024-08-16","2024-08-31","94.92","249.11","23645.52","750.0","400.0","400.0","1125.0","728.87","971.83","5608.18","16761.64"
"10018-2024-08-C1","10018","Allison  San Jose","account rank and file","2024-08-01","2024-08-15","92.0","133.93","12321.56","750.0","250.0","250.0","0.0","0.0","0.0","0.0","13571.56"
"10018-2024-08-C2","10018","Allison  San Jose","account rank and file","2024-08-16","2024-08-31","101.5","133.93","13593.9","750.0","250.0","250.0","1125.0","388.73","518.31","610.08","12201.779999999999"
"10019-2024-08-C1","10019","Cydney  Rosario","account rank and file","2024-08-01","2024-08-15","97.42","133.93","13047.46","750.0","250.0","250.0","0.0","0.0","0.0","0.0","14297.46"
"10019-2024-08-C2","10019","Cydney  Rosario","account rank and file","2024-08-16","2024-08-31","95.13","133.93","12740.76","750.0","250.0","250.0","1125.0","386.82","515.76","585.53","11377.650000000001"
"10020-2024-08-C1","10020","Mark  Bautista","account rank and file","2024-08-01","2024-08-15","95.03","138.39","13151.2","750.0","250.0","250.0","0.0","0.0","0.0","0.0","14401.2"
"10020-2024-08-C2","10020","Mark  Bautista","account rank and file","2024-08-16","2024-08-31","99.87","138.39","13821.01","750.0","250.0","250.0","1125.0","404.58","539.44","814.04","12187.95"
"10021-2024-08-C1","10021","Darlene  Lazaro","account rank and file","2024-08-01","2024-08-15","104.3","138.39","14434.08","750.0","250.0","250.0","0.0","0.0","0.0","0.0","15684.08"
"10021-2024-08-C2","10021","Darlene  Lazaro","account rank and file","2024-08-16","2024-08-31","100.97","138.39","13973.24","750.0","250.0","250.0","1125.0","426.11","568.15","1091.01","12012.97"
"10022-2024-08-C1","10022","Kolby  Delos Santos","account rank and file","2024-08-01","2024-08-15","103.21","142.86","14744.58","750.0","250.0","250.0","0.0","0.0","0.0","0.0","15994.58"
"10022-2024-08-C2","10022","Kolby  Delos Santos","account rank and file","2024-08-16","2024-08-31","99.95","142.86","14278.86","750.0","250.0","250.0","1125.0","435.35","580.47","1209.92","12178.12"
"10023-2024-08-C1","10023","Vella  Santos","account rank and file","2024-08-01","2024-08-15","99.39","133.93","13311.3","750.0","250.0","250.0","0.0","0.0","0.0","0.0","14561.3"
"10023-2024-08-C2","10023","Vella  Santos","account rank and file","2024-08-16","2024-08-31","86.78","133.93","11622.45","750.0","250.0","250.0","1125.0","374.01","498.68","420.61","10454.150000000001"
"10024-2024-08-C1","10024","Tomas Del Rosario","account rank and file","2024-08-01","2024-08-15","103.74","133.93","13893.9","750.0","250.0","250.0","0.0","0.0","0.0","0.0","15143.9"
"10024-2024-08-C2","10024","Tomas Del Rosario","account rank and file","2024-08-16","2024-08-31","97.74","133.93","13090.32","750.0","250.0","250.0","1125.0","404.76","539.68","816.35","11454.529999999999"
"10025-2024-08-C1","10025","Jacklyn  Tolentino","account rank and file","2024-08-01","2024-08-15","95.44","142.86","13634.56","750.0","250.0","250.0","0.0","0.0","0.0","0.0","14884.56"
"10025-2024-08-C2","10025","Jacklyn  Tolentino","account rank and file","2024-08-16","2024-08-31","100.75","142.86","14393.15","750.0","250.0","250.0","1125.0","420.42","560.55","1017.75","12519.43"
"10026-2024-08-C1","10026","Percival  Gutierrez","account rank and file","2024-08-01","2024-08-15","103.01","147.32","15175.43","750.0","250.0","250.0","0.0","0.0","0.0","0.0","16425.43"
"10026-2024-08-C2","10026","Percival  Gutierrez","account rank and file","2024-08-16","2024-08-31","99.18","147.32","14611.2","750.0","250.0","250.0","1125.0","446.8","595.73","1357.22","12336.45"
"10027-2024-08-C1","10027","Garfield  Manalaysay","account rank and file","2024-08-01","2024-08-15","95.91","147.32","14129.46","750.0","250.0","250.0","0.0","0.0","0.0","0.0","15379.46"
"10027-2024-08-C2","10027","Garfield  Manalaysay","account rank and file","2024-08-16","2024-08-31","92.29","147.32","13596.16","750.0","250.0","250.0","1125.0","415.88","554.51","959.44","11791.33"
"10028-2024-08-C1","10028","Lizeth  Villegas","account rank and file","2024-08-01","2024-08-15","104.96","142.86","14994.59","750.0","250.0","250.0","0.0","0.0","0.0","0.0","16244.59"
"10028-2024-08-C2","10028","Lizeth  Villegas","account rank and file","2024-08-16","2024-08-31","94.0","142.86","13428.84","750.0","250.0","250.0","1125.0","426.35","568.47","1094.12","11464.900000000001"
"10029-2024-08-C1","10029","Carol  Ramos","account rank and file","2024-08-01","2024-08-15","101.92","133.93","13650.15","750.0","250.0","250.0","0.0","0.0","0.0","0.0","14900.15"
"10029-2024-08-C2","10029","Carol  Ramos","account rank and file","2024-08-16","2024-08-31","99.79","133.93","13364.87","750.0","250.0","250.0","1125.0","405.23","540.3","822.3","11722.04"
"10030-2024-08-C1","10030","Emelia  Maceda","account rank and file","2024-08-01","2024-08-15","97.37","133.93","13040.76","750.0","250.0","250.0","0.0","0.0","0.0","0.0","14290.76"
"10030-2024-08-C2","10030","Emelia  Maceda","account rank and file","2024-08-16","2024-08-31","101.66","133.93","13615.32","750.0","250.0","250.0","1125.0","399.84","533.12","753.03","12054.33"
"10031-2024-08-C1","10031","Delia  Aguilar","account rank and file","2024-08-01","2024-08-15","100.45","133.93","13453.27","750.0","250.0","250.0","0.0","0.0","0.0","0.0","14703.27"
"10031-2024-08-C2","10031","Delia  Aguilar","account rank and file","2024-08-16","2024-08-31","108.19","133.93","14489.89","750.0","250.0","250.0","1125.0","419.15","558.86","1001.43","12635.449999999999"
"10032-2024-08-C1","10032","John Rafael Castro","sales & marketing","2024-08-01","2024-08-15","97.85","313.51","30676.95","750.0","500.0","500.0","0.0","0.0","0.0","0.0","32426.95"
"10032-2024-08-C2","10032","John Rafael Castro","sales & marketing","2024-08-16","2024-08-31","96.84","313.51","30360.31","750.0","500.0","500.0","1125.0","900.0","1220.75","8614.63","20249.93"
"10033-2024-08-C1","10033","Carlos Ian Martinez","supply chain and logistics","2024-08-01","2024-08-15","98.03","313.51","30733.39","750.0","500.0","500.0","0.0","0.0","0.0","0.0","32483.39"
"10033-2024-08-C2","10033","Carlos Ian Martinez","supply chain and logistics","2024-08-16","2024-08-31","90.21","313.51","28281.74","750.0","500.0","500.0","1125.0","885.23","1180.3","8122.9","18718.31"
"10034-2024-08-C1","10034","Beatriz Santos","customer service and relations","2024-08-01","2024-08-15","95.61","313.51","29974.69","750.0","500.0","500.0","0.0","0.0","0.0","0.0","31724.69"
"10034-2024-08-C2","10034","Beatriz Santos","customer service and relations","2024-08-16","2024-08-31","91.79","313.51","28777.08","750.0","500.0","500.0","1125.0","881.28","1175.04","8059.36","19286.4"
"10001-2024-09-C1","10001","Manuel III Garcia","chief executive officer","2024-09-01","2024-09-15","88.36","535.71","47335.34","750.0","1000.0","500.0","0.0","0.0","0.0","0.0","49585.34"
"10001-2024-09-C2","10001","Manuel III Garcia","chief executive officer","2024-09-16","2024-09-30","95.98","535.71","51417.45","750.0","1000.0","500.0","1125.0","900.0","1975.06","19258.72","30408.669999999995"
"10002-2024-09-C1","10002","Antonio Lim","chief operating officer","2024-09-01","2024-09-15","90.33","357.14","32260.46","750.0","1000.0","500.0","0.0","0.0","0.0","0.0","34510.46"
"10002-2024-09-C2","10002","Antonio Lim","chief operating officer","2024-09-16","2024-09-30","93.38","357.14","33349.73","750.0","1000.0","500.0","1125.0","900.0","1312.2","9735.0","22527.530000000002"
"10003-2024-09-C1","10003","Bianca Sofia Aquino","chief finance officer","2024-09-01","2024-09-15","89.13","357.14","31831.89","750.0","1000.0","500.0","0.0","0.0","0.0","0.0","34081.89"
"10003-2024-09-C2","10003","Bianca Sofia Aquino","chief finance officer","2024-09-16","2024-09-30","93.91","357.14","33539.02","750.0","1000.0","500.0","1125.0","900.0","1307.42","9676.37","22780.229999999996"
"10004-2024-09-C1","10004","Isabella Reyes","chief marketing officer","2024-09-01","2024-09-15","91.93","357.14","32831.88","750.0","1000.0","500.0","0.0","0.0","0.0","0.0","35081.88"
"10004-2024-09-C2","10004","Isabella Reyes","chief marketing officer","2024-09-16","2024-09-30","98.58","357.14","35206.86","750.0","1000.0","500.0","1125.0","900.0","1360.77","10329.99","23741.1"
"10005-2024-09-C1","10005","Eduard Hernandez","it operations and systems","2024-09-01","2024-09-15","90.34","313.51","28322.49","750.0","500.0","500.0","0.0","0.0","0.0","0.0","30072.49"
"10005-2024-09-C2","10005","Eduard Hernandez","it operations and systems","2024-09-16","2024-09-30","102.28","313.51","32065.8","750.0","500.0","500.0","1125.0","900.0","1207.77","8455.63","22127.4"
"10006-2024-09-C1","10006","Andrea Mae Villanueva","hr manager","2024-09-01","2024-09-15","89.31","313.51","27999.58","750.0","500.0","500.0","0.0","0.0","0.0","0.0","29749.58"
"10006-2024-09-C2","10006","Andrea Mae Villanueva","hr manager","2024-09-16","2024-09-30","91.69","313.51","28745.73","750.0","500.0","500.0","1125.0","851.18","1134.91","7575.31","19809.329999999998"
"10007-2024-09-C1","10007","Brad  San Jose","hr team leader","2024-09-01","2024-09-15","86.12","255.8","22029.5","750.0","400.0","400.0","0.0","0.0","0.0","0.0","23579.5"
"10007-2024-09-C2","10007","Brad  San Jose","hr team leader","2024-09-16","2024-09-30","93.63","255.8","23950.55","750.0","400.0","400.0","1125.0","689.7","919.6","4978.19","17788.059999999998"
"10008-2024-09-C1","10008","Alice Romualdez","hr rank and file","2024-09-01","2024-09-15","88.62","133.93","11868.88","750.0","250.0","250.0","0.0","0.0","0.0","0.0","13118.88"
"10008-2024-09-C2","10008","Alice Romualdez","hr rank and file","2024-09-16","2024-09-30","104.96","133.93","14057.29","750.0","250.0","250.0","1125.0","388.89","518.52","612.15","12662.730000000001"
"10009-2024-09-C1","10009","Rosie  Atienza","hr rank and file","2024-09-01","2024-09-15","88.78","133.93","11890.31","750.0","250.0","250.0","0.0","0.0","0.0","0.0","13140.31"
"10009-2024-09-C2","10009","Rosie  Atienza","hr rank and file","2024-09-16","2024-09-30","95.71","133.93","12818.44","750.0","250.0","250.0","1102.5","370.63","494.18","381.69","11719.44"
"10010-2024-09-C1","10010","Roderick Alvaro","accounting head","2024-09-01","2024-09-15","88.96","313.51","27889.85","750.0","500.0","500.0","0.0","0.0","0.0","0.0","29639.85"
"10010-2024-09-C2","10010","Roderick Alvaro","accounting head","2024-09-16","2024-09-30","93.28","313.51","29244.21","750.0","500.0","500.0","1125.0","857.01","1142.68","7669.09","20200.43"
"10011-2024-09-C1","10011","Anthony Salcedo","payroll manager","2024-09-01","2024-09-15","89.99","302.53","27224.67","750.0","500.0","500.0","0.0","0.0","0.0","0.0","28974.67"
"10011-2024-09-C2","10011","Anthony Salcedo","payroll manager","2024-09-16","2024-09-30","97.53","302.53","29505.75","750.0","500.0","500.0","1125.0","850.96","1134.61","7571.72","20573.46"
"10012-2024-09-C1","10012","Josie  Lopez","payroll team leader","2024-09-01","2024-09-15","95.42","229.02","21853.09","750.0","400.0","400.0","0.0","0.0","0.0","0.0","23403.09"
"10012-2024-09-C2","10012","Josie  Lopez","payroll team leader","2024-09-16","2024-09-30","95.17","229.02","21795.83","750.0","400.0","400.0","1125.0","654.73","872.98","4415.8","16277.320000000002"
"10013-2024-09-C1","10013","Martha Farala","payroll rank and file","2024-09-01","2024-09-15","87.16","142.86","12451.68","750.0","250.0","250.0","0.0","0.0","0.0","0.0","13701.68"
"10013-2024-09-C2","10013","Martha Farala","payroll rank and file","2024-09-16","2024-09-30","99.0","142.86","14143.14","750.0","250.0","250.0","1125.0","398.92","531.9","741.2","12596.119999999999"
"10014-2024-09-C1","10014","Leila Martinez","payroll rank and file","2024-09-01","2024-09-15","90.89","142.86","12984.55","750.0","250.0","250.0","0.0","0.0","0.0","0.0","14234.55"
"10014-2024-09-C2","10014","Leila Martinez","payroll rank and file","2024-09-16","2024-09-30","95.09","142.86","13584.56","750.0","250.0","250.0","1125.0","398.54","531.38","736.24","12043.4"
"10015-2024-09-C1","10015","Fredrick  Romualdez","account manager","2024-09-01","2024-09-15","93.22","318.45","29685.91","750.0","500.0","500.0","0.0","0.0","0.0","0.0","31435.91"
"10015-2024-09-C2","10015","Fredrick  Romualdez","account manager","2024-09-16","2024-09-30","97.41","318.45","31020.21","750.0","500.0","500.0","1125.0","900.0","1214.12","8533.5","20997.59"
"10016-2024-09-C1","10016","Christian Mata","account team leader","2024-09-01","2024-09-15","90.04","255.8","23032.23","750.0","400.0","400.0","0.0","0.0","0.0","0.0","24582.23"
"10016-2024-09-C2","10016","Christian Mata","account team leader","2024-09-16","2024-09-30","100.27","255.8","25649.07","750.0","400.0","400.0","1125.0","730.22","973.63","5629.86","18740.36"
"10017-2024-09-C1","10017","Selena  De Leon","account team leader","2024-09-01","2024-09-15","89.18","249.11","22215.63","750.0","400.0","400.0","0.0","0.0","0.0","0.0","23765.63"
"10017-2024-09-C2","10017","Selena  De Leon","account team leader","2024-09-16","2024-09-30","98.76","249.11","24602.1","750.0","400.0","400.0","1125.0","702.27","936.35","5180.28","18208.199999999997"
"10018-2024-09-C1","10018","Allison  San Jose","account rank and file","2024-09-01","2024-09-15","83.31","133.93","11157.71","750.0","250.0","250.0","0.0","0.0","0.0","0.0","12407.71"
"10018-2024-09-C2","10018","Allison  San Jose","account rank and file","2024-09-16","2024-09-30","95.57","133.93","12799.69","750.0","250.0","250.0","1080.0","359.36","479.15","241.18","11890.0"
"10019-2024-09-C1","10019","Cydney  Rosario","account rank and file","2024-09-01","2024-09-15","92.18","133.93","12345.67","750.0","250.0","250.0","0.0","0.0","0.0","0.0","13595.67"
"10019-2024-09-C2","10019","Cydney  Rosario","account rank and file","2024-09-16","2024-09-30","98.29","133.93","13163.98","750.0","250.0","250.0","1125.0","382.64","510.19","531.76","11864.39"
"10020-2024-09-C1","10020","Mark  Bautista","account rank and file","2024-09-01","2024-09-15","87.36","138.39","12089.75","750.0","250.0","250.0","0.0","0.0","0.0","0.0","13339.75"
"10020-2024-09-C2","10020","Mark  Bautista","account rank and file","2024-09-16","2024-09-30","101.77","138.39","14083.95","750.0","250.0","250.0","1125.0","392.61","523.47","659.92","12632.95"
"10021-2024-09-C1","10021","Darlene  Lazaro","account rank and file","2024-09-01","2024-09-15","91.0","138.39","12593.49","750.0","250.0","250.0","0.0","0.0","0.0","0.0","13843.49"
"10021-2024-09-C2","10021","Darlene  Lazaro","account rank and file","2024-09-16","2024-09-30","95.73","138.39","13248.07","750.0","250.0","250.0","1125.0","387.62","516.83","595.82","11872.8"
"10022-2024-09-C1","10022","Kolby  Delos Santos","account rank and file","2024-09-01","2024-09-15","96.09","142.86","13727.42","750.0","250.0","250.0","0.0","0.0","0.0","0.0","14977.42"
"10022-2024-09-C2","10022","Kolby  Delos Santos","account rank and file","2024-09-16","2024-09-30","98.84","142.86","14120.28","750.0","250.0","250.0","1125.0","417.72","556.95","983.01","12287.6"
"10023-2024-09-C1","10023","Vella  Santos","account rank and file","2024-09-01","2024-09-15","82.83","133.93","11093.42","750.0","250.0","250.0","0.0","0.0","0.0","0.0","12343.42"
"10023-2024-09-C2","10023","Vella  Santos","account rank and file","2024-09-16","2024-09-30","101.51","133.93","13595.23","750.0","250.0","250.0","1102.5","370.33","493.77","377.81","12500.82"
"10024-2024-09-C1","10024","Tomas Del Rosario","account rank and file","2024-09-01","2024-09-15","83.18","133.93","11140.3","750.0","250.0","250.0","0.0","0.0","0.0","0.0","12390.3"
"10024-2024-09-C2","10024","Tomas Del Rosario","account rank and file","2024-09-16","2024-09-30","108.74","133.93","14563.55","750.0","250.0","250.0","1125.0","385.56","514.08","569.24","13219.669999999998"
"10025-2024-09-C1","10025","Jacklyn  Tolentino","account rank and file","2024-09-01","2024-09-15","88.38","142.86","12625.97","750.0","250.0","250.0","0.0","0.0","0.0","0.0","13875.97"
"10025-2024-09-C2","10025","Jacklyn  Tolentino","account rank and file","2024-09-16","2024-09-30","96.41","142.86","13773.13","750.0","250.0","250.0","1125.0","395.99","527.98","703.43","12270.73"
"10026-2024-09-C1","10026","Percival  Gutierrez","account rank and file","2024-09-01","2024-09-15","94.01","147.32","13849.55","750.0","250.0","250.0","0.0","0.0","0.0","0.0","15099.55"
"10026-2024-09-C2","10026","Percival  Gutierrez","account rank and file","2024-09-16","2024-09-30","103.02","147.32","15176.91","750.0","250.0","250.0","1125.0","435.4","580.53","1210.51","13075.47"
"10027-2024-09-C1","10027","Garfield  Manalaysay","account rank and file","2024-09-01","2024-09-15","83.61","147.32","12317.43","750.0","250.0","250.0","0.0","0.0","0.0","0.0","13567.43"
"10027-2024-09-C2","10027","Garfield  Manalaysay","account rank and file","2024-09-16","2024-09-30","89.19","147.32","13139.47","750.0","250.0","250.0","1125.0","381.85","509.14","521.58","11851.9"
"10028-2024-09-C1","10028","Lizeth  Villegas","account rank and file","2024-09-01","2024-09-15","85.74","142.86","12248.82","750.0","250.0","250.0","0.0","0.0","0.0","0.0","13498.82"
"10028-2024-09-C2","10028","Lizeth  Villegas","account rank and file","2024-09-16","2024-09-30","97.9","142.86","13985.99","750.0","250.0","250.0","1125.0","393.52","524.7","671.72","12521.05"
"10029-2024-09-C1","10029","Carol  Ramos","account rank and file","2024-09-01","2024-09-15","80.29","133.93","10753.24","750.0","250.0","250.0","0.0","0.0","0.0","0.0","12003.24"
"10029-2024-09-C2","10029","Carol  Ramos","account rank and file","2024-09-16","2024-09-30","93.27","133.93","12491.65","750.0","250.0","250.0","1035.0","348.67","464.9","112.66","11780.42"
"10030-2024-09-C1","10030","Emelia  Maceda","account rank and file","2024-09-01","2024-09-15","94.66","133.93","12677.81","750.0","250.0","250.0","0.0","0.0","0.0","0.0","13927.81"
"10030-2024-09-C2","10030","Emelia  Maceda","account rank and file","2024-09-16","2024-09-30","94.28","133.93","12626.92","750.0","250.0","250.0","1125.0","379.57","506.09","492.21","11374.05"
"10031-2024-09-C1","10031","Delia  Aguilar","account rank and file","2024-09-01","2024-09-15","87.48","133.93","11716.2","750.0","250.0","250.0","0.0","0.0","0.0","0.0","12966.2"
"10031-2024-09-C2","10031","Delia  Aguilar","account rank and file","2024-09-16","2024-09-30","96.54","133.93","12929.6","750.0","250.0","250.0","1102.5","369.69","492.92","369.54","11844.95"
"10032-2024-09-C1","10032","John Rafael Castro","sales & marketing","2024-09-01","2024-09-15","91.02","313.51","28535.68","750.0","500.0","500.0","0.0","0.0","0.0","0.0","30285.68"
"10032-2024-09-C2","10032","John Rafael Castro","sales & marketing","2024-09-16","2024-09-30","95.53","313.51","29949.61","750.0","500.0","500.0","1125.0","877.28","1169.71","7995.08","20532.54"
"10033-2024-09-C1","10033","Carlos Ian Martinez","supply chain and logistics","2024-09-01","2024-09-15","89.81","313.51","28156.33","750.0","500.0","500.0","0.0","0.0","0.0","0.0","29906.33"
"10033-2024-09-C2","10033","Carlos Ian Martinez","supply chain and logistics","2024-09-16","2024-09-30","96.82","313.51","30354.04","750.0","500.0","500.0","1125.0","877.66","1170.21","8001.13","20930.04"
"10034-2024-09-C1","10034","Beatriz Santos","customer service and relations","2024-09-01","2024-09-15","95.34","313.51","29890.04","750.0","500.0","500.0","0.0","0.0","0.0","0.0","31640.04"
"10034-2024-09-C2","10034","Beatriz Santos","customer service and relations","2024-09-16","2024-09-30","103.6","313.51","32479.64","750.0","500.0","500.0","1125.0","900.0","1247.39","8941.07","22016.18"
"10001-2024-10-C1","10001","Manuel III Garcia","chief executive officer","2024-10-01","2024-10-15","101.04","535.71","54128.14","750.0","1000.0","500.0","0.0","0.0","0.0","0.0","56378.14"
"10001-2024-10-C2","10001","Manuel III Garcia","chief executive officer","2024-10-16","2024-10-31","109.58","535.71","58703.1","750.0","1000.0","500.0","1125.0","900.0","2256.62","23397.78","33273.7"
"10002-2024-10-C1","10002","Antonio Lim","chief operating officer","2024-10-01","2024-10-15","105.51","357.14","37681.84","750.0","1000.0","500.0","0.0","0.0","0.0","0.0","39931.84"
"10002-2024-10-C2","10002","Antonio Lim","chief operating officer","2024-10-16","2024-10-31","105.02","357.14","37506.84","750.0","1000.0","500.0","1125.0","900.0","1503.77","12330.87","23897.199999999997"
"10003-2024-10-C1","10003","Bianca Sofia Aquino","chief finance officer","2024-10-01","2024-10-15","100.73","357.14","35974.71","750.0","1000.0","500.0","0.0","0.0","0.0","0.0","38224.71"
"10003-2024-10-C2","10003","Bianca Sofia Aquino","chief finance officer","2024-10-16","2024-10-31","105.9","357.14","37821.13","750.0","1000.0","500.0","1125.0","900.0","1475.92","11921.38","24648.829999999998"
"10004-2024-10-C1","10004","Isabella Reyes","chief marketing officer","2024-10-01","2024-10-15","98.37","357.14","35131.86","750.0","1000.0","500.0","0.0","0.0","0.0","0.0","37381.86"
"10004-2024-10-C2","10004","Isabella Reyes","chief marketing officer","2024-10-16","2024-10-31","105.56","357.14","37699.7","750.0","1000.0","500.0","1125.0","900.0","1456.63","11637.88","24830.19"
"10005-2024-10-C1","10005","Eduard Hernandez","it operations and systems","2024-10-01","2024-10-15","102.87","313.51","32250.77","750.0","500.0","500.0","0.0","0.0","0.0","0.0","34000.770000000004"
"10005-2024-10-C2","10005","Eduard Hernandez","it operations and systems","2024-10-16","2024-10-31","108.2","313.51","33921.78","750.0","500.0","500.0","1125.0","900.0","1323.45","9872.78","22450.55"
"10006-2024-10-C1","10006","Andrea Mae Villanueva","hr manager","2024-10-01","2024-10-15","101.22","313.51","31733.48","750.0","500.0","500.0","0.0","0.0","0.0","0.0","33483.479999999996"
"10006-2024-10-C2","10006","Andrea Mae Villanueva","hr manager","2024-10-16","2024-10-31","100.66","313.51","31557.92","750.0","500.0","500.0","1125.0","900.0","1265.83","9166.89","20850.199999999997"
"10007-2024-10-C1","10007","Brad  San Jose","hr team leader","2024-10-01","2024-10-15","100.44","255.8","25692.55","750.0","400.0","400.0","0.0","0.0","0.0","0.0","27242.55"
"10007-2024-10-C2","10007","Brad  San Jose","hr team leader","2024-10-16","2024-10-31","104.14","255.8","26639.01","750.0","400.0","400.0","1125.0","784.97","1046.63","6510.49","18721.92"
"10008-2024-10-C1","10008","Alice Romualdez","hr rank and file","2024-10-01","2024-10-15","100.94","133.93","13518.89","750.0","250.0","250.0","0.0","0.0","0.0","0.0","14768.89"
"10008-2024-10-C2","10008","Alice Romualdez","hr rank and file","2024-10-16","2024-10-31","109.32","133.93","14641.23","750.0","250.0","250.0","1125.0","422.4","563.2","1043.3","12737.329999999998"
"10009-2024-10-C1","10009","Rosie  Atienza","hr rank and file","2024-10-01","2024-10-15","98.75","133.93","13225.59","750.0","250.0","250.0","0.0","0.0","0.0","0.0","14475.59"
"10009-2024-10-C2","10009","Rosie  Atienza","hr rank and file","2024-10-16","2024-10-31","113.91","133.93","15255.97","750.0","250.0","250.0","1125.0","427.22","569.63","1105.34","13278.780000000002"
"10010-2024-10-C1","10010","Roderick Alvaro","accounting head","2024-10-01","2024-10-15","100.7","313.51","31570.46","750.0","500.0","500.0","0.0","0.0","0.0","0.0","33320.46"
"10010-2024-10-C2","10010","Roderick Alvaro","accounting head","2024-10-16","2024-10-31","113.99","313.51","35737.0","750.0","500.0","500.0","1125.0","900.0","1346.15","10150.83","23965.02"
"10011-2024-10-C1","10011","Anthony Salcedo","payroll manager","2024-10-01","2024-10-15","93.06","302.53","28153.44","750.0","500.0","500.0","0.0","0.0","0.0","0.0","29903.44"
"10011-2024-10-C2","10011","Anthony Salcedo","payroll manager","2024-10-16","2024-10-31","105.49","302.53","31913.89","750.0","500.0","500.0","1125.0","900.0","1201.35","8377.0","22060.54"
"10012-2024-10-C1","10012","Josie  Lopez","payroll team leader","2024-10-01","2024-10-15","95.33","229.02","21832.48","750.0","400.0","400.0","0.0","0.0","0.0","0.0","23382.48"
"10012-2024-10-C2","10012","Josie  Lopez","payroll team leader","2024-10-16","2024-10-31","101.92","229.02","23341.72","750.0","400.0","400.0","1125.0","677.61","903.48","4783.78","17401.850000000002"
"10013-2024-10-C1","10013","Martha Farala","payroll rank and file","2024-10-01","2024-10-15","101.98","142.86","14568.86","750.0","250.0","250.0","0.0","0.0","0.0","0.0","15818.86"
"10013-2024-10-C2","10013","Martha Farala","payroll rank and file","2024-10-16","2024-10-31","110.89","142.86","15841.75","750.0","250.0","250.0","1125.0","456.16","608.21","1477.65","13424.73"
"10014-2024-10-C1","10014","Leila Martinez","payroll rank and file","2024-10-01","2024-10-15","103.86","142.86","14837.44","750.0","250.0","250.0","0.0","0.0","0.0","0.0","16087.44"
"10014-2024-10-C2","10014","Leila Martinez","payroll rank and file","2024-10-16","2024-10-31","116.53","142.86","16647.48","750.0","250.0","250.0","1125.0","472.27","629.7","1684.99","13985.52"
"10015-2024-10-C1","10015","Fredrick  Romualdez","account manager","2024-10-01","2024-10-15","92.36","318.45","29412.04","750.0","500.0","500.0","0.0","0.0","0.0","0.0","31162.04"
"10015-2024-10-C2","10015","Fredrick  Romualdez","account manager","2024-10-16","2024-10-31","109.16","318.45","34762.0","750.0","500.0","500.0","1125.0","900.0","1283.48","9383.14","23820.38"
"10016-2024-10-C1","10016","Christian Mata","account team leader","2024-10-01","2024-10-15","97.08","255.8","24833.06","750.0","400.0","400.0","0.0","0.0","0.0","0.0","26383.06"
"10016-2024-10-C2","10016","Christian Mata","account team leader","2024-10-16","2024-10-31","101.86","255.8","26055.79","750.0","400.0","400.0","1125.0","763.33","1017.78","6162.44","18537.24"
"10017-2024-10-C1","10017","Selena  De Leon","account team leader","2024-10-01","2024-10-15","95.85","249.11","23877.19","750.0","400.0","400.0","0.0","0.0","0.0","0.0","25427.19"
"10017-2024-10-C2","10017","Selena  De Leon","account team leader","2024-10-16","2024-10-31","112.35","249.11","27987.51","750.0","400.0","400.0","1125.0","777.97","1037.29","6397.86","20199.39"
"10018-2024-10-C1","10018","Allison  San Jose","account rank and file","2024-10-01","2024-10-15","100.07","133.93","13402.38","750.0","250.0","250.0","0.0","0.0","0.0","0.0","14652.38"
"10018-2024-10-C2","10018","Allison  San Jose","account rank and file","2024-10-16","2024-10-31","105.35","133.93","14109.53","750.0","250.0","250.0","1125.0","412.68","550.24","918.2","12353.41"
"10019-2024-10-C1","10019","Cydney  Rosario","account rank and file","2024-10-01","2024-10-15","94.78","133.93","12693.89","750.0","250.0","250.0","0.0","0.0","0.0","0.0","13943.89"
"10019-2024-10-C2","10019","Cydney  Rosario","account rank and file","2024-10-16","2024-10-31","100.39","133.93","13445.23","750.0","250.0","250.0","1125.0","392.09","522.78","653.25","12002.11"
"10020-2024-10-C1","10020","Mark  Bautista","account rank and file","2024-10-01","2024-10-15","94.49","138.39","13076.47","750.0","250.0","250.0","0.0","0.0","0.0","0.0","14326.47"
"10020-2024-10-C2","10020","Mark  Bautista","account rank and file","2024-10-16","2024-10-31","109.54","138.39","15159.24","750.0","250.0","250.0","1125.0","423.54","564.71","1057.89","13238.099999999999"
"10021-2024-10-C1","10021","Darlene  Lazaro","account rank and file","2024-10-01","2024-10-15","104.99","138.39","14529.57","750.0","250.0","250.0","0.0","0.0","0.0","0.0","15779.57"
"10021-2024-10-C2","10021","Darlene  Lazaro","account rank and file","2024-10-16","2024-10-31","103.85","138.39","14371.8","750.0","250.0","250.0","1125.0","433.52","578.03","1186.36","12298.89"
"10022-2024-10-C1","10022","Kolby  Delos Santos","account rank and file","2024-10-01","2024-10-15","95.4","142.86","13628.84","750.0","250.0","250.0","0.0","0.0","0.0","0.0","14878.84"
"10022-2024-10-C2","10022","Kolby  Delos Santos","account rank and file","2024-10-16","2024-10-31","100.97","142.86","14424.57","750.0","250.0","250.0","1125.0","420.8","561.07","1022.71","12544.99"
"10023-2024-10-C1","10023","Vella  Santos","account rank and file","2024-10-01","2024-10-15","96.01","133.93","12858.62","750.0","250.0","250.0","0.0","0.0","0.0","0.0","14108.62"
"10023-2024-10-C2","10023","Vella  Santos","account rank and file","2024-10-16","2024-10-31","112.17","133.93","15022.93","750.0","250.0","250.0","1125.0","418.22","557.63","989.54","13182.54"
"10024-2024-10-C1","10024","Tomas Del Rosario","account rank and file","2024-10-01","2024-10-15","95.13","133.93","12740.76","750.0","250.0","250.0","0.0","0.0","0.0","0.0","13990.76"
"10024-2024-10-C2","10024","Tomas Del Rosario","account rank and file","2024-10-16","2024-10-31","107.45","133.93","14390.78","750.0","250.0","250.0","1125.0","406.97","542.63","844.79","12721.390000000001"
"10025-2024-10-C1","10025","Jacklyn  Tolentino","account rank and file","2024-10-01","2024-10-15","95.32","142.86","13617.42","750.0","250.0","250.0","0.0","0.0","0.0","0.0","14867.42"
"10025-2024-10-C2","10025","Jacklyn  Tolentino","account rank and file","2024-10-16","2024-10-31","106.95","142.86","15278.88","750.0","250.0","250.0","1125.0","433.44","577.93","1185.38","13207.129999999997"
"10026-2024-10-C1","10026","Percival  Gutierrez","account rank and file","2024-10-01","2024-10-15","102.29","147.32","15069.36","750.0","250.0","250.0","0.0","0.0","0.0","0.0","16319.36"
"10026-2024-10-C2","10026","Percival  Gutierrez","account rank and file","2024-10-16","2024-10-31","104.67","147.32","15419.98","750.0","250.0","250.0","1125.0","457.34","609.79","1492.84","12985.009999999998"
"10027-2024-10-C1","10027","Garfield  Manalaysay","account rank and file","2024-10-01","2024-10-15","104.48","147.32","15391.99","750.0","250.0","250.0","0.0","0.0","0.0","0.0","16641.989999999998"
"10027-2024-10-C2","10027","Garfield  Manalaysay","account rank and file","2024-10-16","2024-10-31","100.43","147.32","14795.35","750.0","250.0","250.0","1125.0","452.81","603.75","1434.56","12429.23"
"10028-2024-10-C1","10028","Lizeth  Villegas","account rank and file","2024-10-01","2024-10-15","98.14","142.86","14020.28","750.0","250.0","250.0","0.0","0.0","0.0","0.0","15270.28"
"10028-2024-10-C2","10028","Lizeth  Villegas","account rank and file","2024-10-16","2024-10-31","102.87","142.86","14696.01","750.0","250.0","250.0","1125.0","430.74","574.33","1150.64","12665.3"
"10029-2024-10-C1","10029","Carol  Ramos","account rank and file","2024-10-01","2024-10-15","98.8","133.93","13232.28","750.0","250.0","250.0","0.0","0.0","0.0","0.0","14482.28"
"10029-2024-10-C2","10029","Carol  Ramos","account rank and file","2024-10-16","2024-10-31","102.03","133.93","13664.88","750.0","250.0","250.0","1125.0","403.46","537.94","799.55","12048.93"
"10030-2024-10-C1","10030","Emelia  Maceda","account rank and file","2024-10-01","2024-10-15","102.5","133.93","13727.83","750.0","250.0","250.0","0.0","0.0","0.0","0.0","14977.83"
"10030-2024-10-C2","10030","Emelia  Maceda","account rank and file","2024-10-16","2024-10-31","102.87","133.93","13777.38","750.0","250.0","250.0","1125.0","412.58","550.1","916.9","12022.8"
"10031-2024-10-C1","10031","Delia  Aguilar","account rank and file","2024-10-01","2024-10-15","97.99","133.93","13123.8","750.0","250.0","250.0","0.0","0.0","0.0","0.0","14373.8"
"10031-2024-10-C2","10031","Delia  Aguilar","account rank and file","2024-10-16","2024-10-31","117.4","133.93","15723.38","750.0","250.0","250.0","1125.0","432.71","576.94","1175.91","13662.819999999996"
"10032-2024-10-C1","10032","John Rafael Castro","sales & marketing","2024-10-01","2024-10-15","94.86","313.51","29739.56","750.0","500.0","500.0","0.0","0.0","0.0","0.0","31489.56"
"10032-2024-10-C2","10032","John Rafael Castro","sales & marketing","2024-10-16","2024-10-31","113.35","313.51","35536.36","750.0","500.0","500.0","1125.0","900.0","1305.52","9653.1","24302.739999999998"
"10033-2024-10-C1","10033","Carlos Ian Martinez","supply chain and logistics","2024-10-01","2024-10-15","98.54","313.51","30893.28","750.0","500.0","500.0","0.0","0.0","0.0","0.0","32643.28"
"10033-2024-10-C2","10033","Carlos Ian Martinez","supply chain and logistics","2024-10-16","2024-10-31","107.62","313.51","33739.95","750.0","500.0","500.0","1125.0","900.0","1292.66","9495.64","22676.649999999998"
"10034-2024-10-C1","10034","Beatriz Santos","customer service and relations","2024-10-01","2024-10-15","99.51","313.51","31197.38","750.0","500.0","500.0","0.0","0.0","0.0","0.0","32947.380000000005"
"10034-2024-10-C2","10034","Beatriz Santos","customer service and relations","2024-10-16","2024-10-31","114.98","313.51","36047.38","750.0","500.0","500.0","1125.0","900.0","1344.9","10135.47","24292.01"
"10001-2024-11-C1","10001","Manuel III Garcia","chief executive officer","2024-11-01","2024-11-15","93.59","535.71","50137.1","750.0","1000.0","500.0","0.0","0.0","0.0","0.0","52387.1"
"10001-2024-11-C2","10001","Manuel III Garcia","chief executive officer","2024-11-16","2024-11-30","95.54","535.71","51181.73","750.0","1000.0","500.0","1125.0","900.0","2026.38","20013.14","29367.210000000003"
"10002-2024-11-C1","10002","Antonio Lim","chief operating officer","2024-11-01","2024-11-15","102.0","357.14","36428.28","750.0","1000.0","500.0","0.0","0.0","0.0","0.0","38678.28"
"10002-2024-11-C2","10002","Antonio Lim","chief operating officer","2024-11-16","2024-11-30","92.19","357.14","32924.74","750.0","1000.0","500.0","1125.0","900.0","1387.06","10651.99","21110.69"
"10003-2024-11-C1","10003","Bianca Sofia Aquino","chief finance officer","2024-11-01","2024-11-15","104.87","357.14","37453.27","750.0","1000.0","500.0","0.0","0.0","0.0","0.0","39703.27"
"10003-2024-11-C2","10003","Bianca Sofia Aquino","chief finance officer","2024-11-16","2024-11-30","93.53","357.14","33403.3","750.0","1000.0","500.0","1125.0","900.0","1417.13","11057.23","21153.940000000002"
"10004-2024-11-C1","10004","Isabella Reyes","chief marketing officer","2024-11-01","2024-11-15","98.55","357.14","35196.15","750.0","1000.0","500.0","0.0","0.0","0.0","0.0","37446.15"
"10004-2024-11-C2","10004","Isabella Reyes","chief marketing officer","2024-11-16","2024-11-30","87.28","357.14","31171.18","750.0","1000.0","500.0","1125.0","900.0","1327.35","9920.5","20148.33"
"10005-2024-11-C1","10005","Eduard Hernandez","it operations and systems","2024-11-01","2024-11-15","94.94","313.51","29764.64","750.0","500.0","500.0","0.0","0.0","0.0","0.0","31514.64"
"10005-2024-11-C2","10005","Eduard Hernandez","it operations and systems","2024-11-16","2024-11-30","92.44","313.51","28980.86","750.0","500.0","500.0","1125.0","881.18","1174.91","8057.85","19491.92"
"10006-2024-11-C1","10006","Andrea Mae Villanueva","hr manager","2024-11-01","2024-11-15","100.16","313.51","31401.16","750.0","500.0","500.0","0.0","0.0","0.0","0.0","33151.16"
"10006-2024-11-C2","10006","Andrea Mae Villanueva","hr manager","2024-11-16","2024-11-30","90.68","313.51","28429.09","750.0","500.0","500.0","1125.0","897.45","1196.61","8319.55","18640.480000000003"
"10007-2024-11-C1","10007","Brad  San Jose","hr team leader","2024-11-01","2024-11-15","109.31","255.8","27961.5","750.0","400.0","400.0","0.0","0.0","0.0","0.0","29511.5"
"10007-2024-11-C2","10007","Brad  San Jose","hr team leader","2024-11-16","2024-11-30","84.85","255.8","21704.63","750.0","400.0","400.0","1125.0","744.99","993.32","5867.45","14523.87"
"10008-2024-11-C1","10008","Alice Romualdez","hr rank and file","2024-11-01","2024-11-15","99.56","133.93","13334.07","750.0","250.0","250.0","0.0","0.0","0.0","0.0","14584.07"
"10008-2024-11-C2","10008","Alice Romualdez","hr rank and file","2024-11-16","2024-11-30","89.63","133.93","12004.15","750.0","250.0","250.0","1125.0","380.07","506.76","498.68","10743.64"
"10009-2024-11-C1","10009","Rosie  Atienza","hr rank and file","2024-11-01","2024-11-15","97.81","133.93","13099.69","750.0","250.0","250.0","0.0","0.0","0.0","0.0","14349.69"
"10009-2024-11-C2","10009","Rosie  Atienza","hr rank and file","2024-11-16","2024-11-30","99.3","133.93","13299.25","750.0","250.0","250.0","1125.0","395.98","527.98","703.4","11796.89"
"10010-2024-11-C1","10010","Roderick Alvaro","accounting head","2024-11-01","2024-11-15","95.66","313.51","29990.37","750.0","500.0","500.0","0.0","0.0","0.0","0.0","31740.37"
"10010-2024-11-C2","10010","Roderick Alvaro","accounting head","2024-11-16","2024-11-30","93.3","313.51","29250.48","750.0","500.0","500.0","1125.0","888.61","1184.82","8177.36","19624.69"
"10011-2024-11-C1","10011","Anthony Salcedo","payroll manager","2024-11-01","2024-11-15","102.58","302.53","31033.53","750.0","500.0","500.0","0.0","0.0","0.0","0.0","32783.53"
"10011-2024-11-C2","10011","Anthony Salcedo","payroll manager","2024-11-16","2024-11-30","84.21","302.53","25476.05","750.0","500.0","500.0","1125.0","847.64","1130.19","7518.44","16604.78"
"10012-2024-11-C1","10012","Josie  Lopez","payroll team leader","2024-11-01","2024-11-15","100.11","229.02","22927.19","750.0","400.0","400.0","0.0","0.0","0.0","0.0","24477.19"
"10012-2024-11-C2","10012","Josie  Lopez","payroll team leader","2024-11-16","2024-11-30","86.3","229.02","19764.43","750.0","400.0","400.0","1125.0","640.37","853.83","4184.85","14510.380000000001"
"10013-2024-11-C1","10013","Martha Farala","payroll rank and file","2024-11-01","2024-11-15","104.14","142.86","14877.44","750.0","250.0","250.0","0.0","0.0","0.0","0.0","16127.44"
"10013-2024-11-C2","10013","Martha Farala","payroll rank and file","2024-11-16","2024-11-30","92.28","142.86","13183.12","750.0","250.0","250.0","1125.0","420.91","561.21","1024.09","11301.91"
"10014-2024-11-C1","10014","Leila Martinez","payroll rank and file","2024-11-01","2024-11-15","95.31","142.86","13615.99","750.0","250.0","250.0","0.0","0.0","0.0","0.0","14865.99"
"10014-2024-11-C2","10014","Leila Martinez","payroll rank and file","2024-11-16","2024-11-30","87.51","142.86","12501.68","750.0","250.0","250.0","1125.0","391.77","522.35","649.11","11063.45"
"10015-2024-11-C1","10015","Fredrick  Romualdez","account manager","2024-11-01","2024-11-15","101.23","318.45","32236.69","750.0","500.0","500.0","0.0","0.0","0.0","0.0","33986.69"
"10015-2024-11-C2","10015","Fredrick  Romualdez","account manager","2024-11-16","2024-11-30","87.17","318.45","27759.29","750.0","500.0","500.0","1125.0","899.94","1199.92","8359.53","17924.9"
"10016-2024-11-C1","10016","Christian Mata","account team leader","2024-11-01","2024-11-15","102.23","255.8","26150.43","750.0","400.0","400.0","0.0","0.0","0.0","0.0","27700.43"
"10016-2024-11-C2","10016","Christian Mata","account team leader","2024-11-16","2024-11-30","80.53","255.8","20599.57","750.0","400.0","400.0","1125.0","701.25","935.0","5163.94","14224.380000000001"
"10017-2024-11-C1","10017","Selena  De Leon","account team leader","2024-11-01","2024-11-15","101.41","249.11","25262.25","750.0","400.0","400.0","0.0","0.0","0.0","0.0","26812.25"
"10017-2024-11-C2","10017","Selena  De Leon","account team leader","2024-11-16","2024-11-30","94.72","249.11","23595.7","750.0","400.0","400.0","1125.0","732.87","977.16","5672.48","16638.190000000002"
"10018-2024-11-C1","10018","Allison  San Jose","account rank and file","2024-11-01","2024-11-15","92.92","133.93","12444.78","750.0","250.0","250.0","0.0","0.0","0.0","0.0","13694.78"
"10018-2024-11-C2","10018","Allison  San Jose","account rank and file","2024-11-16","2024-11-30","82.49","133.93","11047.89","750.0","250.0","250.0","1057.5","352.39","469.85","155.98","10262.17"
"10019-2024-11-C1","10019","Cydney  Rosario","account rank and file","2024-11-01","2024-11-15","97.81","133.93","13099.69","750.0","250.0","250.0","0.0","0.0","0.0","0.0","14349.69"
"10019-2024-11-C2","10019","Cydney  Rosario","account rank and file","2024-11-16","2024-11-30","89.7","133.93","12013.52","750.0","250.0","250.0","1125.0","376.7","502.26","455.25","10804.310000000001"
"10020-2024-11-C1","10020","Mark  Bautista","account rank and file","2024-11-01","2024-11-15","105.13","138.39","14548.94","750.0","250.0","250.0","0.0","0.0","0.0","0.0","15798.94"
"10020-2024-11-C2","10020","Mark  Bautista","account rank and file","2024-11-16","2024-11-30","87.46","138.39","12103.59","750.0","250.0","250.0","1125.0","399.79","533.05","752.34","10543.41"
"10021-2024-11-C1","10021","Darlene  Lazaro","account rank and file","2024-11-01","2024-11-15","92.03","138.39","12736.03","750.0","250.0","250.0","0.0","0.0","0.0","0.0","13986.03"
"10021-2024-11-C2","10021","Darlene  Lazaro","account rank and file","2024-11-16","2024-11-30","94.14","138.39","13028.03","750.0","250.0","250.0","1125.0","386.46","515.28","580.87","11670.42"
"10022-2024-11-C1","10022","Kolby  Delos Santos","account rank and file","2024-11-01","2024-11-15","102.32","142.86","14617.44","750.0","250.0","250.0","0.0","0.0","0.0","0.0","15867.44"
"10022-2024-11-C2","10022","Kolby  Delos Santos","account rank and file","2024-11-16","2024-11-30","93.69","142.86","13384.55","750.0","250.0","250.0","1125.0","420.03","560.04","1012.78","11516.7"
"10023-2024-11-C1","10023","Vella  Santos","account rank and file","2024-11-01","2024-11-15","99.55","133.93","13332.73","750.0","250.0","250.0","0.0","0.0","0.0","0.0","14582.73"
"10023-2024-11-C2","10023","Vella  Santos","account rank and file","2024-11-16","2024-11-30","88.7","133.93","11879.59","750.0","250.0","250.0","1125.0","378.18","504.25","474.38","10647.78"
"10024-2024-11-C1","10024","Tomas Del Rosario","account rank and file","2024-11-01","2024-11-15","100.21","133.93","13421.13","750.0","250.0","250.0","0.0","0.0","0.0","0.0","14671.13"
"10024-2024-11-C2","10024","Tomas Del Rosario","account rank and file","2024-11-16","2024-11-30","84.39","133.93","11302.35","750.0","250.0","250.0","1102.5","370.85","494.47","384.53","10200.0"
"10025-2024-11-C1","10025","Jacklyn  Tolentino","account rank and file","2024-11-01","2024-11-15","100.88","142.86","14411.72","750.0","250.0","250.0","0.0","0.0","0.0","0.0","15661.72"
"10025-2024-11-C2","10025","Jacklyn  Tolentino","account rank and file","2024-11-16","2024-11-30","92.73","142.86","13247.41","750.0","250.0","250.0","1125.0","414.89","553.18","946.61","11457.73"
"10026-2024-11-C1","10026","Percival  Gutierrez","account rank and file","2024-11-01","2024-11-15","91.65","147.32","13501.88","750.0","250.0","250.0","0.0","0.0","0.0","0.0","14751.88"
"10026-2024-11-C2","10026","Percival  Gutierrez","account rank and file","2024-11-16","2024-11-30","93.75","147.32","13811.25","750.0","250.0","250.0","1125.0","409.7","546.26","879.83","12100.46"
"10027-2024-11-C1","10027","Garfield  Manalaysay","account rank and file","2024-11-01","2024-11-15","100.69","147.32","14833.65","750.0","250.0","250.0","0.0","0.0","0.0","0.0","16083.65"
"10027-2024-11-C2","10027","Garfield  Manalaysay","account rank and file","2024-11-16","2024-11-30","87.45","147.32","12883.13","750.0","250.0","250.0","1125.0","415.75","554.34","957.74","11080.3"
"10028-2024-11-C1","10028","Lizeth  Villegas","account rank and file","2024-11-01","2024-11-15","93.01","142.86","13287.41","750.0","250.0","250.0","0.0","0.0","0.0","0.0","14537.41"
"10028-2024-11-C2","10028","Lizeth  Villegas","account rank and file","2024-11-16","2024-11-30","90.54","142.86","12934.54","750.0","250.0","250.0","1125.0","393.33","524.44","669.24","11472.53"
"10029-2024-11-C1","10029","Carol  Ramos","account rank and file","2024-11-01","2024-11-15","97.89","133.93","13110.41","750.0","250.0","250.0","0.0","0.0","0.0","0.0","14360.41"
"10029-2024-11-C2","10029","Carol  Ramos","account rank and file","2024-11-16","2024-11-30","89.27","133.93","11955.93","750.0","250.0","250.0","1125.0","376.0","501.33","446.2","10757.400000000001"
"10030-2024-11-C1","10030","Emelia  Maceda","account rank and file","2024-11-01","2024-11-15","106.23","133.93","14227.38","750.0","250.0","250.0","0.0","0.0","0.0","0.0","15477.38"
"10030-2024-11-C2","10030","Emelia  Maceda","account rank and file","2024-11-16","2024-11-30","92.21","133.93","12349.69","750.0","250.0","250.0","1125.0","398.66","531.54","737.77","10806.720000000001"
"10031-2024-11-C1","10031","Delia  Aguilar","account rank and file","2024-11-01","2024-11-15","97.87","133.93","13107.73","750.0","250.0","250.0","0.0","0.0","0.0","0.0","14357.73"
"10031-2024-11-C2","10031","Delia  Aguilar","account rank and file","2024-11-16","2024-11-30","88.56","133.93","11860.84","750.0","250.0","250.0","1125.0","374.53","499.37","427.33","10684.61"
"10032-2024-11-C1","10032","John Rafael Castro","sales & marketing","2024-11-01","2024-11-15","103.05","313.51","32307.21","750.0","500.0","500.0","0.0","0.0","0.0","0.0","34057.21"
"10032-2024-11-C2","10032","John Rafael Castro","sales & marketing","2024-11-16","2024-11-30","90.9","313.51","28498.06","750.0","500.0","500.0","1125.0","900.0","1216.11","8557.79","18449.16"
"10033-2024-11-C1","10033","Carlos Ian Martinez","supply chain and logistics","2024-11-01","2024-11-15","97.21","313.51","30476.31","750.0","500.0","500.0","0.0","0.0","0.0","0.0","32226.31"
"10033-2024-11-C2","10033","Carlos Ian Martinez","supply chain and logistics","2024-11-16","2024-11-30","92.38","313.51","28962.05","750.0","500.0","500.0","1125.0","891.58","1188.77","8225.0","19281.699999999997"
"10034-2024-11-C1","10034","Beatriz Santos","customer service and relations","2024-11-01","2024-11-15","104.62","313.51","32799.42","750.0","500.0","500.0","0.0","0.0","0.0","0.0","34549.42"
"10034-2024-11-C2","10034","Beatriz Santos","customer service and relations","2024-11-16","2024-11-30","87.08","313.51","27300.45","750.0","500.0","500.0","1125.0","900.0","1202.0","8384.97","17438.480000000003"
"10001-2024-12-C1","10001","Manuel III Garcia","chief executive officer","2024-12-01","2024-12-15","88.37","535.71","47340.69","750.0","1000.0","500.0","0.0","0.0","0.0","0.0","49590.69"
"10001-2024-12-C2","10001","Manuel III Garcia","chief executive officer","2024-12-16","2024-12-31","110.13","535.71","58997.74","750.0","1000.0","500.0","1125.0","900.0","2126.77","21488.9","35607.06999999999"
"10002-2024-12-C1","10002","Antonio Lim","chief operating officer","2024-12-01","2024-12-15","84.61","357.14","30217.62","750.0","1000.0","500.0","0.0","0.0","0.0","0.0","32467.62"
"10002-2024-12-C2","10002","Antonio Lim","chief operating officer","2024-12-16","2024-12-31","103.7","357.14","37035.42","750.0","1000.0","500.0","1125.0","900.0","1345.06","10137.49","25777.87"
"10003-2024-12-C1","10003","Bianca Sofia Aquino","chief finance officer","2024-12-01","2024-12-15","86.38","357.14","30849.75","750.0","1000.0","500.0","0.0","0.0","0.0","0.0","33099.75"
"10003-2024-12-C2","10003","Bianca Sofia Aquino","chief finance officer","2024-12-16","2024-12-31","104.63","357.14","37367.56","750.0","1000.0","500.0","1125.0","900.0","1364.35","10373.74","25854.469999999998"
"10004-2024-12-C1","10004","Isabella Reyes","chief marketing officer","2024-12-01","2024-12-15","88.18","357.14","31492.61","750.0","1000.0","500.0","0.0","0.0","0.0","0.0","33742.61"
"10004-2024-12-C2","10004","Isabella Reyes","chief marketing officer","2024-12-16","2024-12-31","116.29","357.14","41531.81","750.0","1000.0","500.0","1125.0","900.0","1460.49","11694.58","28601.739999999998"
"10005-2024-12-C1","10005","Eduard Hernandez","it operations and systems","2024-12-01","2024-12-15","88.3","313.51","27682.93","750.0","500.0","500.0","0.0","0.0","0.0","0.0","29432.93"
"10005-2024-12-C2","10005","Eduard Hernandez","it operations and systems","2024-12-16","2024-12-31","105.4","313.51","33043.95","750.0","500.0","500.0","1125.0","900.0","1214.54","8538.59","23015.819999999996"
"10006-2024-12-C1","10006","Andrea Mae Villanueva","hr manager","2024-12-01","2024-12-15","89.65","313.51","28106.17","750.0","500.0","500.0","0.0","0.0","0.0","0.0","29856.17"
"10006-2024-12-C2","10006","Andrea Mae Villanueva","hr manager","2024-12-16","2024-12-31","116.37","313.51","36483.16","750.0","500.0","500.0","1125.0","900.0","1291.79","9484.89","25431.480000000003"
"10007-2024-12-C1","10007","Brad  San Jose","hr team leader","2024-12-01","2024-12-15","92.78","255.8","23733.12","750.0","400.0","400.0","0.0","0.0","0.0","0.0","25283.12"
"10007-2024-12-C2","10007","Brad  San Jose","hr team leader","2024-12-16","2024-12-31","102.49","255.8","26216.94","750.0","400.0","400.0","1125.0","749.25","999.0","5935.95","18957.739999999998"
"10008-2024-12-C1","10008","Alice Romualdez","hr rank and file","2024-12-01","2024-12-15","91.25","133.93","12221.11","750.0","250.0","250.0","0.0","0.0","0.0","0.0","13471.11"
"10008-2024-12-C2","10008","Alice Romualdez","hr rank and file","2024-12-16","2024-12-31","113.55","133.93","15207.75","750.0","250.0","250.0","1125.0","411.43","548.58","902.17","13470.57"
"10009-2024-12-C1","10009","Rosie  Atienza","hr rank and file","2024-12-01","2024-12-15","91.98","133.93","12318.88","750.0","250.0","250.0","0.0","0.0","0.0","0.0","13568.88"
"10009-2024-12-C2","10009","Rosie  Atienza","hr rank and file","2024-12-16","2024-12-31","115.76","133.93","15503.74","750.0","250.0","250.0","1125.0","417.34","556.45","978.17","13676.779999999999"
"10010-2024-12-C1","10010","Roderick Alvaro","accounting head","2024-12-01","2024-12-15","91.93","313.51","28820.97","750.0","500.0","500.0","0.0","0.0","0.0","0.0","30570.97"
"10010-2024-12-C2","10010","Roderick Alvaro","accounting head","2024-12-16","2024-12-31","109.23","313.51","34244.7","750.0","500.0","500.0","1125.0","900.0","1261.31","9111.59","23596.799999999996"
"10011-2024-12-C1","10011","Anthony Salcedo","payroll manager","2024-12-01","2024-12-15","87.08","302.53","26344.31","750.0","500.0","500.0","0.0","0.0","0.0","0.0","28094.31"
"10011-2024-12-C2","10011","Anthony Salcedo","payroll manager","2024-12-16","2024-12-31","104.08","302.53","31487.32","750.0","500.0","500.0","1125.0","867.47","1156.63","7837.38","22250.84"
"10012-2024-12-C1","10012","Josie  Lopez","payroll team leader","2024-12-01","2024-12-15","95.78","229.02","21935.54","750.0","400.0","400.0","0.0","0.0","0.0","0.0","23485.54"
"10012-2024-12-C2","10012","Josie  Lopez","payroll team leader","2024-12-16","2024-12-31","110.78","229.02","25370.84","750.0","400.0","400.0","1125.0","709.6","946.13","5298.16","18841.95"
"10013-2024-12-C1","10013","Martha Farala","payroll rank and file","2024-12-01","2024-12-15","85.53","142.86","12218.82","750.0","250.0","250.0","0.0","0.0","0.0","0.0","13468.82"
"10013-2024-12-C2","10013","Martha Farala","payroll rank and file","2024-12-16","2024-12-31","101.3","142.86","14471.72","750.0","250.0","250.0","1125.0","400.36","533.81","759.67","12902.88"
"10014-2024-12-C1","10014","Leila Martinez","payroll rank and file","2024-12-01","2024-12-15","91.06","142.86","13008.83","750.0","250.0","250.0","0.0","0.0","0.0","0.0","14258.83"
"10014-2024-12-C2","10014","Leila Martinez","payroll rank and file","2024-12-16","2024-12-31","111.03","142.86","15861.75","750.0","250.0","250.0","1125.0","433.06","577.41","1180.42","13795.86"
"10015-2024-12-C1","10015","Fredrick  Romualdez","account manager","2024-12-01","2024-12-15","90.02","318.45","28666.87","750.0","500.0","500.0","0.0","0.0","0.0","0.0","30416.87"
"10015-2024-12-C2","10015","Fredrick  Romualdez","account manager","2024-12-16","2024-12-31","108.37","318.45","34510.43","750.0","500.0","500.0","1125.0","900.0","1263.55","9138.94","23832.94"
"10016-2024-12-C1","10016","Christian Mata","account team leader","2024-12-01","2024-12-15","89.11","255.8","22794.34","750.0","400.0","400.0","0.0","0.0","0.0","0.0","24344.34"
"10016-2024-12-C2","10016","Christian Mata","account team leader","2024-12-16","2024-12-31","112.9","255.8","28879.82","750.0","400.0","400.0","1125.0","775.11","1033.48","6351.89","21144.34"
"10017-2024-12-C1","10017","Selena  De Leon","account team leader","2024-12-01","2024-12-15","89.98","249.11","22414.92","750.0","400.0","400.0","0.0","0.0","0.0","0.0","23964.92"
"10017-2024-12-C2","10017","Selena  De Leon","account team leader","2024-12-16","2024-12-31","104.21","249.11","25959.75","750.0","400.0","400.0","1125.0","725.62","967.49","5555.89","19135.75"
"10018-2024-12-C1","10018","Allison  San Jose","account rank and file","2024-12-01","2024-12-15","96.68","133.93","12948.35","750.0","250.0","250.0","0.0","0.0","0.0","0.0","14198.35"
"10018-2024-12-C2","10018","Allison  San Jose","account rank and file","2024-12-16","2024-12-31","103.15","133.93","13814.88","750.0","250.0","250.0","1125.0","401.45","535.26","773.7","12229.47"
"10019-2024-12-C1","10019","Cydney  Rosario","account rank and file","2024-12-01","2024-12-15","89.28","133.93","11957.27","750.0","250.0","250.0","0.0","0.0","0.0","0.0","13207.27"
"10019-2024-12-C2","10019","Cydney  Rosario","account rank and file","2024-12-16","2024-12-31","105.59","133.93","14141.67","750.0","250.0","250.0","1125.0","391.48","521.98","645.5","12707.71"
"10020-2024-12-C1","10020","Mark  Bautista","account rank and file","2024-12-01","2024-12-15","88.59","138.39","12259.97","750.0","250.0","250.0","0.0","0.0","0.0","0.0","13509.97"
"10020-2024-12-C2","10020","Mark  Bautista","account rank and file","2024-12-16","2024-12-31","104.7","138.39","14489.43","750.0","250.0","250.0","1125.0","401.24","534.99","771.03","12907.17"
"10021-2024-12-C1","10021","Darlene  Lazaro","account rank and file","2024-12-01","2024-12-15","96.22","138.39","13315.89","750.0","250.0","250.0","0.0","0.0","0.0","0.0","14565.89"
"10021-2024-12-C2","10021","Darlene  Lazaro","account rank and file","2024-12-16","2024-12-31","110.95","138.39","15354.37","750.0","250.0","250.0","1125.0","430.05","573.41","1141.76","13334.150000000001"
"10022-2024-12-C1","10022","Kolby  Delos Santos","account rank and file","2024-12-01","2024-12-15","86.6","142.86","12371.68","750.0","250.0","250.0","0.0","0.0","0.0","0.0","13621.68"
"10022-2024-12-C2","10022","Kolby  Delos Santos","account rank and file","2024-12-16","2024-12-31","109.06","142.86","15580.31","750.0","250.0","250.0","1125.0","419.28","559.04","1003.13","13723.859999999997"
"10023-2024-12-C1","10023","Vella  Santos","account rank and file","2024-12-01","2024-12-15","86.4","133.93","11571.55","750.0","250.0","250.0","0.0","0.0","0.0","0.0","12821.55"
"10023-2024-12-C2","10023","Vella  Santos","account rank and file","2024-12-16","2024-12-31","104.44","133.93","13987.65","750.0","250.0","250.0","1125.0","383.39","511.18","541.33","12676.75"
"10024-2024-12-C1","10024","Tomas Del Rosario","account rank and file","2024-12-01","2024-12-15","88.66","133.93","11874.23","750.0","250.0","250.0","0.0","0.0","0.0","0.0","13124.23"
"10024-2024-12-C2","10024","Tomas Del Rosario","account rank and file","2024-12-16","2024-12-31","102.35","133.93","13707.74","750.0","250.0","250.0","1125.0","383.73","511.64","545.72","12391.65"
"10025-2024-12-C1","10025","Jacklyn  Tolentino","account rank and file","2024-12-01","2024-12-15","90.71","142.86","12958.83","750.0","250.0","250.0","0.0","0.0","0.0","0.0","14208.83"
"10025-2024-12-C2","10025","Jacklyn  Tolentino","account rank and file","2024-12-16","2024-12-31","115.44","142.86","16491.76","750.0","250.0","250.0","1125.0","441.76","589.01","1292.36","14293.629999999997"
"10026-2024-12-C1","10026","Percival  Gutierrez","account rank and file","2024-12-01","2024-12-15","93.65","147.32","13796.52","750.0","250.0","250.0","0.0","0.0","0.0","0.0","15046.52"
"10026-2024-12-C2","10026","Percival  Gutierrez","account rank and file","2024-12-16","2024-12-31","107.14","147.32","15783.86","750.0","250.0","250.0","1125.0","443.71","591.61","1317.41","13556.130000000001"
"10027-2024-12-C1","10027","Garfield  Manalaysay","account rank and file","2024-12-01","2024-12-15","89.71","147.32","13216.08","750.0","250.0","250.0","0.0","0.0","0.0","0.0","14466.08"
"10027-2024-12-C2","10027","Garfield  Manalaysay","account rank and file","2024-12-16","2024-12-31","104.09","147.32","15334.54","750.0","250.0","250.0","1125.0","428.26","571.01","1118.67","13341.6"
"10028-2024-12-C1","10028","Lizeth  Villegas","account rank and file","2024-12-01","2024-12-15","90.92","142.86","12988.83","750.0","250.0","250.0","0.0","0.0","0.0","0.0","14238.83"
"10028-2024-12-C2","10028","Lizeth  Villegas","account rank and file","2024-12-16","2024-12-31","105.53","142.86","15076.02","750.0","250.0","250.0","1125.0","420.97","561.3","1024.92","13193.83"
"10029-2024-12-C1","10029","Carol  Ramos","account rank and file","2024-12-01","2024-12-15","94.29","133.93","12628.26","750.0","250.0","250.0","0.0","0.0","0.0","0.0","13878.26"
"10029-2024-12-C2","10029","Carol  Ramos","account rank and file","2024-12-16","2024-12-31","108.22","133.93","14493.9","750.0","250.0","250.0","1125.0","406.83","542.44","842.98","12826.65"
"10030-2024-12-C1","10030","Emelia  Maceda","account rank and file","2024-12-01","2024-12-15","92.81","133.93","12430.04","750.0","250.0","250.0","0.0","0.0","0.0","0.0","13680.04"
"10030-2024-12-C2","10030","Emelia  Maceda","account rank and file","2024-12-16","2024-12-31","110.51","133.93","14800.6","750.0","250.0","250.0","1125.0","408.46","544.61","863.92","13108.61"
"10031-2024-12-C1","10031","Delia  Aguilar","account rank and file","2024-12-01","2024-12-15","87.92","133.93","11775.13","750.0","250.0","250.0","0.0","0.0","0.0","0.0","13025.13"
"10031-2024-12-C2","10031","Delia  Aguilar","account rank and file","2024-12-16","2024-12-31","102.58","133.93","13738.54","750.0","250.0","250.0","1125.0","382.71","510.27","532.54","12438.02"
"10032-2024-12-C1","10032","John Rafael Castro","sales & marketing","2024-12-01","2024-12-15","88.29","313.51","27679.8","750.0","500.0","500.0","0.0","0.0","0.0","0.0","29429.8"
"10032-2024-12-C2","10032","John Rafael Castro","sales & marketing","2024-12-16","2024-12-31","102.57","313.51","32156.72","750.0","500.0","500.0","1125.0","897.55","1196.73","8321.06","22366.38"
"10033-2024-12-C1","10033","Carlos Ian Martinez","supply chain and logistics","2024-12-01","2024-12-15","91.88","313.51","28805.3","750.0","500.0","500.0","0.0","0.0","0.0","0.0","30555.3"
"10033-2024-12-C2","10033","Carlos Ian Martinez","supply chain and logistics","2024-12-16","2024-12-31","112.92","313.51","35401.55","750.0","500.0","500.0","1125.0","900.0","1284.14","9391.18","24451.230000000003"
"10034-2024-12-C1","10034","Beatriz Santos","customer service and relations","2024-12-01","2024-12-15","101.15","313.51","31711.54","750.0","500.0","500.0","0.0","0.0","0.0","0.0","33461.54"
"10034-2024-12-C2","10034","Beatriz Santos","customer service and relations","2024-12-16","2024-12-31","105.28","313.51","33006.33","750.0","500.0","500.0","1125.0","900.0","1294.36","9516.38","21920.590000000004"
